survey,run,sample
2019KibanS,2019KibanSRUN01,20171218T0103-KUM-Otomi-Surface
2019KibanS,2019KibanSRUN01,20171218T0240-KUM-Otomi-Bottom
2019KibanS,2019KibanSRUN01,20180123T0030-KUM-Otomi-Surface
2019KibanS,2019KibanSRUN01,20180123T0135-KUM-Otomi-Bottom
2019KibanS,2019KibanSRUN01,20180314T0045-KUM-Otomi-Surface
2019KibanS,2019KibanSRUN01,20180314T0200-KUM-Otomi-Bottom
2019KibanS,2019KibanSRUN01,20180427T0040-KUM-Otomi-Surface
2019KibanS,2019KibanSRUN01,20180427T0205-KUM-Otomi-Bottom
2019KibanS,2019KibanSRUN01,20180902T0105-KUM-Otomi-Surface
2019KibanS,2019KibanSRUN01,20180902T0220-KUM-Otomi-Bottom
2019KibanS,2019KibanSRUN01,20180902T0220-KUM-Otomi-NC
2019KibanS,2019KibanSRUN01,20190204T0115-KUM-Nagahama
2019KibanS,2019KibanSRUN01,20190207T0100-KUM-Nagahama
2019KibanS,2019KibanSRUN01,20190215T0013-HUF-Nanaehama
2019KibanS,2019KibanSRUN01,20190215T0013-HUF-Nanaehama-NC
2019KibanS,2019KibanSRUN01,20190215T0455-HUF-MutsuSekine
2019KibanS,2019KibanSRUN01,20190215T0455-HUF-MutsuSekine-NC
2019KibanS,2019KibanSRUN01,20190301T0020-HUF-Nanaehama
2019KibanS,2019KibanSRUN01,20190301T0020-HUF-Nanaehama-NC
2019KibanS,2019KibanSRUN01,20190315T0025-HUF-Nanaehama
2019KibanS,2019KibanSRUN01,20190315T0025-HUF-Nanaehama-NC
2019KibanS,2019KibanSRUN01,20190315T0155-HUF-MutsuSekine
2019KibanS,2019KibanSRUN01,20190315T0155-HUF-MutsuSekine-NC
2019KibanS,2019KibanSRUN01,20190322T0048-HUF-Nanaehama
2019KibanS,2019KibanSRUN01,20190329T0036-HUF-Nanaehama
2019KibanS,2019KibanSRUN01,20190329T0036-HUF-Nanaehama-NC
2019KibanS,2019KibanSRUN01,20190406T0130-KUM-Nagahama
2019KibanS,2019KibanSRUN01,20190411T0410-HUF-MutsuSekine
2019KibanS,2019KibanSRUN01,20190411T0410-HUF-MutsuSekine-NC
2019KibanS,2019KibanSRUN01,20190417T0115-KUM-Nagahama
2019KibanS,2019KibanSRUN01,20190422T0112-HUF-Nanaehama
2019KibanS,2019KibanSRUN01,20190422T0112-HUF-Nanaehama-NC
2019KibanS,2019KibanSRUN01,20190423T0120-KUM-Nagahama
2019KibanS,2019KibanSRUN01,20190515T0140-KUM-Nagahama
2019KibanS,2019KibanSRUN01,20190515T0140-KUM-Nagahama-NC
2019KibanS,2019KibanSRUN01,20190515T0415-HUF-MutsuSekine
2019KibanS,2019KibanSRUN01,20190515T0415-HUF-MutsuSekine-NC
2019KibanS,2019KibanSRUN01,20190520T0047-HUF-Nanaehama
2019KibanS,2019KibanSRUN01,20190520T0047-HUF-Nanaehama-NC
2019KibanS,2019KibanSRUN01,20190521T0140-KUM-Nagahama
2019KibanS,2019KibanSRUN01,20190528T0140-KUM-Nagahama
2019KibanS,2019KibanSRUN01,20190618T0440-HUF-MutsuSekine
2019KibanS,2019KibanSRUN01,20190618T0440-HUF-MutsuSekine-NC
2019KibanS,2019KibanSRUN01,20190624T0212-HUF-Nanaehama
2019KibanS,2019KibanSRUN01,20190624T0212-HUF-Nanaehama-NC
2019KibanS,2019KibanSRUN01,20190625T0120-KUM-Nagahama
2019KibanS,2019KibanSRUN01,20190625T0120-KUM-Nagahama-NC
2019KibanS,2019KibanSRUN01,20190705T0140-KUM-Nagahama
2019KibanS,2019KibanSRUN01,20190716T0110-KUM-Nagahama
2019KibanS,2019KibanSRUN01,20190717T0445-HUF-MutsuSekine
2019KibanS,2019KibanSRUN01,20190717T0445-HUF-MutsuSekine-NC
2019KibanS,2019KibanSRUN01,20190722T0100-HUF-Nanaehama
2019KibanS,2019KibanSRUN01,20190722T0110-KUM-Nagahama
2019KibanS,2019KibanSRUN01,20190730T0110-KUM-Nagahama
2019KibanS,2019KibanSRUN01,20190808T0110-KUM-Nagahama
2019KibanS,2019KibanSRUN01,20190808T0110-KUM-Nagahama-NC
2019KibanS,2019KibanSRUN01,20190816T0110-KUM-Nagahama
2019KibanS,2019KibanSRUN01,20190819T0430-HUF-MutsuSekine-NC
2019KibanS,2019KibanSRUN01,20190820T0015-HUF-Nanaehama
2019KibanS,2019KibanSRUN01,20190820T0015-HUF-Nanaehama-NC
2019KibanS,2019KibanSRUN01,20190821T0130-KUM-Nagahama
2019KibanS,2019KibanSRUN01,20190907T0115-KUM-Nagahama
2019KibanS,2019KibanSRUN01,20190918T0420-HUF-MutsuSekine
2019KibanS,2019KibanSRUN01,20190918T0420-HUF-MutsuSekine-NC
2019KibanS,2019KibanSRUN01,20190922T0500-HUF-Nanaehama
2019KibanS,2019KibanSRUN01,20190922T0500-HUF-Nanaehama-NC
2019KibanS,2019KibanSRUN01,20191009T0100-KUM-Otomi-Surface
2019KibanS,2019KibanSRUN01,20191009T0150-KUM-Otomi-Bottom
2019KibanS,2019KibanSRUN01,20191010T0100-KUM-Otomi-Surface
2019KibanS,2019KibanSRUN01,20191010T0200-KUM-Otomi-Bottom
2019KibanS,2019KibanSRUN01,20191018T0430-HUF-MutsuSekine
2019KibanS,2019KibanSRUN01,20191018T0430-HUF-MutsuSekine-NC
2019KibanS,2019KibanSRUN01,20191021T2310-HUF-Nanaehama
2019KibanS,2019KibanSRUN01,20191021T2310-HUF-Nanaehama-NC
2019KibanS,2019KibanSRUN01,20191104T0115-KUM-Nagahama
2019KibanS,2019KibanSRUN01,20191106T0130-KUM-Nagahama
2019KibanS,2019KibanSRUN01,20191122T0140-HUF-MutsuSekine
2019KibanS,2019KibanSRUN01,20191122T0140-HUF-MutsuSekine-NC
2019KibanS,2019KibanSRUN01,20191122T0400-HUF-Nanaehama
2019KibanS,2019KibanSRUN01,20191122T0400-HUF-Nanaehama-NC
2019KibanS,2019KibanSRUN02,20190222T0010-HUF-Nanaehama
2019KibanS,2019KibanSRUN02,20190308T0015-HUF-Nanaehama
2019KibanS,2019KibanSRUN02,20190819T0430-HUF-MutsuSekine
2019KibanS,2019KibanSRUN02,20190820T0015-HUF-Nanaehama-NC
2019KibanS,2019KibanSRUN03,20190110T0110-KUM-Nagahama
2019KibanS,2019KibanSRUN03,20190309T0120-KUM-Nagahama
2019KibanS,2019KibanSRUN03,20190426T0120-KUM-Otomi-Surface
2019KibanS,2019KibanSRUN03,20190426T0230-KUM-Otomi-Bottom
2019KibanS,2019KibanSRUN03,20190522T0050-KUM-Otomi-Surface
2019KibanS,2019KibanSRUN03,20190522T0200-KUM-Otomi-Bottom
2019KibanS,2019KibanSRUN03,20190522T0200-KUM-Otomi-NC
2019KibanS,2019KibanSRUN03,20190608T0100-KUM-Otomi-Surface
2019KibanS,2019KibanSRUN03,20190608T0200-KUM-Otomi-Bottom
2019KibanS,2019KibanSRUN03,20190608T0200-KUM-Otomi-NC
2019KibanS,2019KibanSRUN03,20190614T0100-KUM-Otomi-Surface
2019KibanS,2019KibanSRUN03,20190614T0240-KUM-Otomi-Bottom
2019KibanS,2019KibanSRUN03,20190810T0120-KUM-Nagahama
2019KibanS,2019KibanSRUN03,20190909T0110-KUM-Nagahama
2019KibanS,2019KibanSRUN03,20190917T0110-KUM-Nagahama
2019KibanS,2019KibanSRUN03,20190924T0050-KUM-Nagahama
2019KibanS,2019KibanSRUN03,20190924T0050-KUM-Nagahama-NC
2019KibanS,2019KibanSRUN03,20191007T0050-KUM-Otomi-Surface
2019KibanS,2019KibanSRUN03,20191007T0200-KUM-Otomi-Bottom
2019KibanS,2019KibanSRUN03,20191015T0110-KUM-Nagahama
2019KibanS,2019KibanSRUN03,20191021T0120-KUM-Nagahama
2019KibanS,2019KibanSRUN03,20191028T0120-KUM-Nagahama
2019KibanS,2019KibanSRUN04,20190314T0500-HUF-Amaharashi
2019KibanS,2019KibanSRUN04,20190314T0500-HUF-Amaharashi-NC
2020EarthWatch,2020EarthWatchRUN01,20200614T0206-EWJ-2020-YamashitaPark
2020EarthWatch,2020EarthWatchRUN01,20200731T0415-HUF-Nanaehama
2020EarthWatch,2020EarthWatchRUN01,20200817T0510-HUF-MutsuSekine
2020EarthWatch,2020EarthWatchRUN01,20200909T0155-HUF-Osukakaigan
2020EarthWatch,2020EarthWatchRUN01,20200923T0110-HUF-Rankoshi
2020EarthWatch,2020EarthWatchRUN01,20200928T2350-MNC-St5-Surface
2020EarthWatch,2020EarthWatchRUN01,20200929T0010-MNC-St5-Bottom
2020EarthWatch,2020EarthWatchRUN01,20200929T0035-MNC-St4-Surface
2020EarthWatch,2020EarthWatchRUN01,20200929T0050-MNC-St4-Bottom
2020EarthWatch,2020EarthWatchRUN01,20200929T0100-MNC-St3-Surface
2020EarthWatch,2020EarthWatchRUN01,20200929T0120-MNC-St3-Bottom
2020EarthWatch,2020EarthWatchRUN01,20200929T0140-MNC-St2-Surface
2020EarthWatch,2020EarthWatchRUN01,20200929T0155-MNC-St2-Bottom
2020EarthWatch,2020EarthWatchRUN01,20201003T0103-EWJ-2020-MarbleBeach
2020EarthWatch,2020EarthWatchRUN01,20201003T0408-EWJ-2020-Tateishimisaki
2020EarthWatch,2020EarthWatchRUN01,20201003T0638-EWJ-2020-Okudakaigan
2020EarthWatch,2020EarthWatchRUN01,20201003T0707-EWJ-2020-NakagusukuBay
2020EarthWatch,2020EarthWatchRUN01,20201003T0845-EWJ-2020-KasaiRinkaiPark
2020EarthWatch,2020EarthWatchRUN01,20201004T0022-EWJ-2020-Chichijima
2020EarthWatch,2020EarthWatchRUN01,20201004T0100-EWJ-2020-Yakengahama
2020EarthWatch,2020EarthWatchRUN01,20201004T0130-EWJ-2020-Okinoerabujima
2020EarthWatch,2020EarthWatchRUN01,20201004T0605-EWJ-2020-Shodoshima
2020EarthWatch,2020EarthWatchRUN01,20201007T0500-EWJ-2020-Futtsumisaki
2020EarthWatch,2020EarthWatchRUN01,20201014T0530-EWJ-2020-Miyukinohama
2020EarthWatch,2020EarthWatchRUN01,20201015T0050-KUM-Otomi-Surface
2020EarthWatch,2020EarthWatchRUN01,20201015T0155-KUM-Otomi-Bottom
2020EarthWatch,2020EarthWatchRUN01,20201015T0528-EWJ-2020-Shioyakaigan
2020EarthWatch,2020EarthWatchRUN01,20201016T0220-EWJ-2020-AjiroOnsenBeach
2020EarthWatch,2020EarthWatchRUN01,20201016T0410-EWJ-2020-KamogawaEstuary
2020EarthWatch,2020EarthWatchRUN01,20201016T2300-EWJ-2020-Togaihama
2020EarthWatch,2020EarthWatchRUN01,20201017T0010-EWJ-2020-ManzaDreamHole
2020EarthWatch,2020EarthWatchRUN01,20201017T0552-EWJ-2020-MatobanishiBeach
2020EarthWatch,2020EarthWatchRUN01,20201017T2330-EWJ-2020-Kannonzaki
2020EarthWatch,2020EarthWatchRUN01,20201018T0045-EWJ-2020-Araihama
2020EarthWatch,2020EarthWatchRUN01,20201018T0130-EWJ-2020-Akashikaigan
2020EarthWatch,2020EarthWatchRUN01,20201018T0247-EWJ-2020-ShikinejimaPort
2020EarthWatch,2020EarthWatchRUN01,20201018T0630-EWJ-2020-AmagasakiCityUotsuriKoen
2020EarthWatch,2020EarthWatchRUN01,20201020T0110-KUM-Nagahama-Surface
2020EarthWatch,2020EarthWatchRUN01,20201020T0407-EWJ-2020-TerabeBeach
2020EarthWatch,2020EarthWatchRUN01,20201020T0500-EWJ-2020-Matsugaiso
2020EarthWatch,2020EarthWatchRUN01,20201021T0106-EWJ-2020-Sodegaura
2020EarthWatch,2020EarthWatchRUN01,20201021T0240-KUM-Echizenmisaki
2020EarthWatch,2020EarthWatchRUN01,20201024T0032-EWJ-2020-Tanezaki
2020EarthWatch,2020EarthWatchRUN01,20201024T0130-EWJ-2020-Nagamatsukaigan
2020EarthWatch,2020EarthWatchRUN01,20201024T0230-EWJ-2020-Motoyamamisaki
2020EarthWatch,2020EarthWatchRUN01,20201024T0250-EWJ-2020-Mihonomatsubara
2020EarthWatch,2020EarthWatchRUN01,20201024T0400-EWJ-2020-BedamaBeach
2020EarthWatch,2020EarthWatchRUN01,20201024T0445-EWJ-2020-Toikaigan
2020EarthWatch,2020EarthWatchRUN01,20201025T0000-EWJ-2020-Inagenohama
2020EarthWatch,2020EarthWatchRUN01,20201025T0030-EWJ-2020-Hiraisokaigan
2020EarthWatch,2020EarthWatchRUN01,20201025T0035-EWJ-2020-IsogoPort
2020EarthWatch,2020EarthWatchRUN01,20201025T0235-EWJ-2020-Kugunarihama
2020EarthWatch,2020EarthWatchRUN01,20201025T0300-EWJ-2020-AzurMaiko
2020EarthWatch,2020EarthWatchRUN01,20201025T0400-EWJ-2020-Ichinomiyakaigan
2020EarthWatch,2020EarthWatchRUN01,20201025T0515-EWJ-2020-UsuisoBeach
2020EarthWatch,2020EarthWatchRUN01,20201026T0215-KUM-Nagamaha-Bottom
2020EarthWatch,2020EarthWatchRUN01,20201026T0512-EWJ-2020-HahajimaEastPort
2020EarthWatch,2020EarthWatchRUN01,20201027T0021-HUF-UchiuraBay-Bottom
2020EarthWatch,2020EarthWatchRUN01,20201027T0021-HUF-UchiuraBay-Intermediate
2020EarthWatch,2020EarthWatchRUN01,20201027T0021-HUF-UchiuraBay-NC
2020EarthWatch,2020EarthWatchRUN01,20201027T0021-HUF-UchiuraBay-Surface
2020EarthWatch,2020EarthWatchRUN01,20201027T0021-HUF-UchiuraBay-VanDorn-Bottom
2020EarthWatch,2020EarthWatchRUN01,20201027T0110-KUM-Kanmurijima-Ohguri
2020EarthWatch,2020EarthWatchRUN01,20201027T0245-KUM-Kanmurijima-Miyamae
2020EarthWatch,2020EarthWatchRUN01,20201027T0318-EWJ-2020-KataseEnoshima
2020KanagawaPref,2020KanagawaPrefRUN01,20200430T0126-KNG-SagamigawaKushikawa
2020KanagawaPref,2020KanagawaPrefRUN01,20200507T0045-KNG-SagamigawaKushikawa
2020KanagawaPref,2020KanagawaPrefRUN01,20200512T0016-KNG-SagamigawaKushikawa
2020KanagawaPref,2020KanagawaPrefRUN01,20200520T0044-KNG-SagamigawaKushikawa
2020KanagawaPref,2020KanagawaPrefRUN01,20200528T0103-KNG-SagamigawaKushikawa
2020KanagawaPref,2020KanagawaPrefRUN01,20200603T0045-KNG-SagamigawaKushikawa
2020KanagawaPref,2020KanagawaPrefRUN01,20200610T0047-KNG-SagamigawaKushikawa
2020KanagawaPref,2020KanagawaPrefRUN01,20200617T0052-KNG-SagamigawaKushikawa
2020KanagawaPref,2020KanagawaPrefRUN01,20200624T0050-KNG-SagamigawaKushikawa
2020KanagawaPref,2020KanagawaPrefRUN01,20200715T0059-KNG-SagamigawaKushikawa
2020KanagawaPref,2020KanagawaPrefRUN01,20200722T0122-KNG-SagamigawaKushikawa
2020KanagawaPref,2020KanagawaPrefRUN01,20200729T0124-KNG-SagamigawaKushikawa
2020KanagawaPref,2020KanagawaPrefRUN01,20200805T0105-KNG-SagamigawaKushikawa
2020KanagawaPref,2020KanagawaPrefRUN01,20200812T0200-KNG-SagamigawaKushikawa
2020KanagawaPref,2020KanagawaPrefRUN01,20200819T0058-KNG-SagamigawaKushikawa
2020KanagawaPref,2020KanagawaPrefRUN01,20200826T0038-KNG-SagamigawaKushikawa
2020KanagawaPref,2020KanagawaPrefRUN01,20200901T0017-KNG-2020-SagamigawaSt6
2020KanagawaPref,2020KanagawaPrefRUN01,20200901T0055-KNG-2020-SagamigawaSt33
2020KanagawaPref,2020KanagawaPrefRUN01,20200901T0129-KNG-2020-SagamigawaSt35
2020KanagawaPref,2020KanagawaPrefRUN01,20200901T0147-KNG-2020-SagamigawaSt32
2020KanagawaPref,2020KanagawaPrefRUN01,20200901T0219-KNG-2020-SagamigawaSt30
2020KanagawaPref,2020KanagawaPrefRUN01,20200901T0240-KNG-2020-SagamigawaSt5
2020KanagawaPref,2020KanagawaPrefRUN01,20200901T0451-KNG-2020-SagamigawaSt29
2020KanagawaPref,2020KanagawaPrefRUN01,20200901T0521-KNG-2020-SagamigawaSt34
2020KanagawaPref,2020KanagawaPrefRUN01,20200901T0543-KNG-2020-SagamigawaSt31
2020KanagawaPref,2020KanagawaPrefRUN01,20200902T0030-KNG-2020-SagamigawaSt22
2020KanagawaPref,2020KanagawaPrefRUN01,20200902T0115-KNG-2020-SagamigawaSt26
2020KanagawaPref,2020KanagawaPrefRUN01,20200902T0150-KNG-2020-SagamigawaSt20
2020KanagawaPref,2020KanagawaPrefRUN01,20200902T0220-KNG-2020-SagamigawaSt4
2020KanagawaPref,2020KanagawaPrefRUN01,20200902T0310-KNG-2020-SagamigawaSt9
2020KanagawaPref,2020KanagawaPrefRUN01,20200902T0430-KNG-2020-SagamigawaSt28
2020KanagawaPref,2020KanagawaPrefRUN01,20200902T0545-KNG-2020-SagamigawaSt27
2020KanagawaPref,2020KanagawaPrefRUN01,20200902T0620-KNG-2020-SagamigawaSt8
2020KanagawaPref,2020KanagawaPrefRUN01,20200903T0105-KNG-2020-SagamigawaSt14
2020KanagawaPref,2020KanagawaPrefRUN01,20200903T0140-KNG-2020-SagamigawaSt3
2020KanagawaPref,2020KanagawaPrefRUN01,20200903T0210-KNG-2020-SagamigawaSt11
2020KanagawaPref,2020KanagawaPrefRUN01,20200903T0240-KNG-2020-SagamigawaSt12
2020KanagawaPref,2020KanagawaPrefRUN01,20200903T0315-KNG-2020-SagamigawaSt10
2020KanagawaPref,2020KanagawaPrefRUN01,20200903T0350-KNG-2020-SagamigawaSt7
2020KanagawaPref,2020KanagawaPrefRUN01,20200903T0510-KNG-2020-SagamigawaSt2
2020KanagawaPref,2020KanagawaPrefRUN01,20200903T0545-KNG-2020-SagamigawaSt1
2020KanagawaPref,2020KanagawaPrefRUN01,20200903T0630-KNG-2020-SagamigawaSt13
2020KanagawaPref,2020KanagawaPrefRUN01,20200904T0017-KNG-2020-SagamigawaSt25
2020KanagawaPref,2020KanagawaPrefRUN01,20200904T0030-KNG-2020-SagamigawaSt21
2020KanagawaPref,2020KanagawaPrefRUN01,20200904T0104-KNG-2020-SagamigawaSt18
2020KanagawaPref,2020KanagawaPrefRUN01,20200904T0130-KNG-2020-SagamigawaSt15
2020KanagawaPref,2020KanagawaPrefRUN01,20200904T0201-KNG-2020-SagamigawaSt19
2020KanagawaPref,2020KanagawaPrefRUN01,20200904T0214-KNG-2020-SagamigawaSt17
2020KanagawaPref,2020KanagawaPrefRUN01,20200904T0238-KNG-2020-SagamigawaSt24
2020KanagawaPref,2020KanagawaPrefRUN01,20200904T0238-KNG-2020-SagamigawaSt24-R1
2020KanagawaPref,2020KanagawaPrefRUN01,20200904T0238-KNG-2020-SagamigawaSt24-R2
2020KanagawaPref,2020KanagawaPrefRUN01,20200904T0238-KNG-2020-SagamigawaSt24-R3
2020KanagawaPref,2020KanagawaPrefRUN01,20200904T0305-KNG-2020-SagamigawaSt16
2020KanagawaPref,2020KanagawaPrefRUN01,20200904T0331-KNG-2020-SagamigawaSt23
2020KanagawaPref,2020KanagawaPrefRUN01,20200904T0331-KNG-2020-SagamigawaSt23-R1
2020KanagawaPref,2020KanagawaPrefRUN01,20200909T0050-KNG-SagamigawaKushikawa
2020KanagawaPref,2020KanagawaPrefRUN01,20200916T0045-KNG-SagamigawaKushikawa
2020KanagawaPref,2020KanagawaPrefRUN01,20200923T0105-KNG-SagamigawaKushikawa
2020KanagawaPref,2020KanagawaPrefRUN01,20200930T0215-KNG-SagamigawaKushikawa
2020KanagawaPref,2020KanagawaPrefRUN01,20201007T0053-KNG-SagamigawaKushikawa
2020KanagawaPref,2020KanagawaPrefRUN01,20201013T0500-KNG-SagamigawaKushikawa
2020KanagawaPref,2020KanagawaPrefRUN01,20201021T0115-KNG-SagamigawaKushikawa
2020KanagawaPref,2020KanagawaPrefRUN01,20201028T0445-KNG-SagamigawaKushikawa
2020KanagawaPref,2020KanagawaPrefRUN01,20201104T0116-KNG-SagamigawaKushikawa
2020KanagawaPref,2020KanagawaPrefRUN01,20201111T0045-KNG-SagamigawaKushikawa
2020KanagawaPref,2020KanagawaPrefRUN01,20201118T0114-KNG-SagamigawaKushikawa
2020KanagawaPref,2020KanagawaPrefRUN01,20201125T0126-KNG-SagamigawaKushikawa
2020KanagawaPref,2020KanagawaPrefRUN01,20201202T0020-KNG-SagamigawaKushikawa
2020KanagawaPref,2020KanagawaPrefRUN01,20201209T0048-KNG-SagamigawaKushikawa
2020KanagawaPref,2020KanagawaPrefRUN01,20201216T0626-KNG-SagamigawaKushikawa
2020KanagawaPref,2020KanagawaPrefRUN01,20201223T0106-KNG-SagamigawaKushikawa
2020KanagawaPref,2020KanagawaPrefRUN01,20210105T0020-KNG-2020-SagamigawaSt6
2020KanagawaPref,2020KanagawaPrefRUN01,20210105T0037-KNG-2020-SagamigawaSt33
2020KanagawaPref,2020KanagawaPrefRUN01,20210105T0055-KNG-2020-SagamigawaSt35
2020KanagawaPref,2020KanagawaPrefRUN01,20210105T0112-KNG-2020-SagamigawaSt32
2020KanagawaPref,2020KanagawaPrefRUN01,20210105T0127-KNG-2020-SagamigawaSt30
2020KanagawaPref,2020KanagawaPrefRUN01,20210105T0143-KNG-2020-SagamigawaSt5
2020KanagawaPref,2020KanagawaPrefRUN01,20210105T0214-KNG-2020-SagamigawaSt29
2020KanagawaPref,2020KanagawaPrefRUN01,20210105T0230-KNG-2020-SagamigawaSt34
2020KanagawaPref,2020KanagawaPrefRUN01,20210105T0244-KNG-2020-SagamigawaSt31
2020KanagawaPref,2020KanagawaPrefRUN01,20210106T0030-KNG-2020-SagamigawaSt22
2020KanagawaPref,2020KanagawaPrefRUN01,20210106T0100-KNG-2020-SagamigawaSt26
2020KanagawaPref,2020KanagawaPrefRUN01,20210106T0136-KNG-2020-SagamigawaSt20
2020KanagawaPref,2020KanagawaPrefRUN01,20210106T0203-KNG-2020-SagamigawaSt4
2020KanagawaPref,2020KanagawaPrefRUN01,20210106T0253-KNG-2020-SagamigawaSt9
2020KanagawaPref,2020KanagawaPrefRUN01,20210106T0435-KNG-2020-SagamigawaSt28
2020KanagawaPref,2020KanagawaPrefRUN01,20210106T0523-KNG-2020-SagamigawaSt27
2020KanagawaPref,2020KanagawaPrefRUN01,20210106T0602-KNG-2020-SagamigawaSt8
2020KanagawaPref,2020KanagawaPrefRUN01,20210107T0050-KNG-2020-SagamigawaSt14
2020KanagawaPref,2020KanagawaPrefRUN01,20210107T0118-KNG-2020-SagamigawaSt3
2020KanagawaPref,2020KanagawaPrefRUN01,20210107T0151-KNG-2020-SagamigawaSt12
2020KanagawaPref,2020KanagawaPrefRUN01,20210107T0226-KNG-2020-SagamigawaSt10
2020KanagawaPref,2020KanagawaPrefRUN01,20210107T0251-KNG-2020-SagamigawaSt11
2020KanagawaPref,2020KanagawaPrefRUN01,20210107T0324-KNG-2020-SagamigawaSt7
2020KanagawaPref,2020KanagawaPrefRUN01,20210107T0503-KNG-2020-SagamigawaSt2
2020KanagawaPref,2020KanagawaPrefRUN01,20210107T0532-KNG-2020-SagamigawaSt1
2020KanagawaPref,2020KanagawaPrefRUN01,20210107T0610-KNG-2020-SagamigawaSt13
2020KanagawaPref,2020KanagawaPrefRUN01,20210108T0018-KNG-2020-SagamigawaSt25
2020KanagawaPref,2020KanagawaPrefRUN01,20210108T0035-KNG-2020-SagamigawaSt21
2020KanagawaPref,2020KanagawaPrefRUN01,20210108T0059-KNG-2020-SagamigawaSt18
2020KanagawaPref,2020KanagawaPrefRUN01,20210108T0117-KNG-2020-SagamigawaSt15
2020KanagawaPref,2020KanagawaPrefRUN01,20210108T0137-KNG-2020-SagamigawaSt19
2020KanagawaPref,2020KanagawaPrefRUN01,20210108T0148-KNG-2020-SagamigawaSt17
2020KanagawaPref,2020KanagawaPrefRUN01,20210108T0211-KNG-2020-SagamigawaSt24
2020KanagawaPref,2020KanagawaPrefRUN01,20210108T0231-KNG-2020-SagamigawaSt16
2020KanagawaPref,2020KanagawaPrefRUN01,20210108T0250-KNG-2020-SagamigawaSt23
2020KibanS,2020KibanSRUN01,20181129T0315-RUI-Iriomote
2020KibanS,2020KibanSRUN01,20181213T0130-RUI-Iriomote
2020KibanS,2020KibanSRUN01,20181227T0548-RUI-Iriomote
2020KibanS,2020KibanSRUN01,20190106T2350-FRA-SetonaikaiWest
2020KibanS,2020KibanSRUN01,20190106T2350-FRA-SetonaikaiWest-NC
2020KibanS,2020KibanSRUN01,20190110T0535-RUI-Iriomote
2020KibanS,2020KibanSRUN01,20190114T2345-FRA-SetonaikaiWest
2020KibanS,2020KibanSRUN01,20190120T2349-FRA-SetonaikaiWest
2020KibanS,2020KibanSRUN01,20190124T0424-RUI-Iriomote
2020KibanS,2020KibanSRUN01,20190128T2345-FRA-SetonaikaiWest
2020KibanS,2020KibanSRUN01,20190129T0100-KUM-Otomi-Surface
2020KibanS,2020KibanSRUN01,20190129T0200-KUM-Otomi-Bottom
2020KibanS,2020KibanSRUN01,20190204T2344-FRA-SetonaikaiWest
2020KibanS,2020KibanSRUN01,20190207T0418-RUI-Iriomote
2020KibanS,2020KibanSRUN01,20190211T2341-FRA-SetonaikaiWest
2020KibanS,2020KibanSRUN01,20190217T2345-FRA-SetonaikaiWest
2020KibanS,2020KibanSRUN01,20190221T0215-RUI-Iriomote
2020KibanS,2020KibanSRUN01,20190224T2344-FRA-SetonaikaiWest
2020KibanS,2020KibanSRUN01,20190304T2345-FRA-SetonaikaiWest
2020KibanS,2020KibanSRUN01,20190304T2345-FRA-SetonaikaiWest-NC
2020KibanS,2020KibanSRUN01,20190305T0640-RUI-Iriomote
2020KibanS,2020KibanSRUN01,20190314T2341-FRA-SetonaikaiWest
2020KibanS,2020KibanSRUN01,20190320T0023-RUI-Iriomote
2020KibanS,2020KibanSRUN01,20190320T0142-RUI-Iriomote-NC
2020KibanS,2020KibanSRUN01,20190403T0025-RUI-Iriomote
2020KibanS,2020KibanSRUN01,20190417T0550-RUI-Iriomote
2020KibanS,2020KibanSRUN01,20190501T0500-RUI-Iriomote
2020KibanS,2020KibanSRUN01,20190515T0420-RUI-Iriomote
2020KibanS,2020KibanSRUN01,20190522T2347-FRA-SetonaikaiWest
2020KibanS,2020KibanSRUN01,20190530T0505-RUI-Iriomote
2020KibanS,2020KibanSRUN01,20190602T2342-FRA-SetonaikaiWest
2020KibanS,2020KibanSRUN01,20190614T0405-RUI-Iriomote
2020KibanS,2020KibanSRUN01,20190614T0405-RUI-Iriomote-NC
2020KibanS,2020KibanSRUN01,20190616T2342-FRA-SetonaikaiWest
2020KibanS,2020KibanSRUN01,20190630T2356-FRA-SetonaikaiWest
2020KibanS,2020KibanSRUN01,20190710T0805-RUI-Iriomote
2020KibanS,2020KibanSRUN01,20190715T2346-FRA-SetonaikaiWest
2020KibanS,2020KibanSRUN01,20190728T2342-FRA-SetonaikaiWest
2020KibanS,2020KibanSRUN01,20190807T0130-RUI-Iriomote
2020KibanS,2020KibanSRUN01,20190818T2341-FRA-SetonaikaiWest
2020KibanS,2020KibanSRUN01,20190818T2341-FRA-SetonaikaiWest-NC
2020KibanS,2020KibanSRUN01,20190902T2230-RUI-Iriomote
2020KibanS,2020KibanSRUN01,20190903T2339-FRA-SetonaikaiWest
2020KibanS,2020KibanSRUN01,20190919T0015-FRA-SetonaikaiWest
2020KibanS,2020KibanSRUN01,20191002T0914-RUI-Iriomote
2020KibanS,2020KibanSRUN01,20191006T2350-FRA-SetonaikaiWest
2020KibanS,2020KibanSRUN01,20191020T2351-FRA-SetonaikaiWest
2020KibanS,2020KibanSRUN01,20191031T0415-RUI-Iriomote
2020KibanS,2020KibanSRUN01,20191104T2348-FRA-SetonaikaiWest
2020KibanS,2020KibanSRUN01,20191105T0130-KUM-Nagahama
2020KibanS,2020KibanSRUN01,20191105T0130-KUM-Nagahama-NC
2020KibanS,2020KibanSRUN01,20191107T0050-KUM-Otomi-Surface
2020KibanS,2020KibanSRUN01,20191107T0156-KUM-Otomi-Bottom
2020KibanS,2020KibanSRUN01,20191107T0156-KUM-Otomi-NC
2020KibanS,2020KibanSRUN01,20191107T0250-OCF-Bise
2020KibanS,2020KibanSRUN01,20191107T0250-OCF-Bise-NC
2020KibanS,2020KibanSRUN01,20191107T0415-OCF-Kayo
2020KibanS,2020KibanSRUN01,20191107T0725-AKU-Hiai
2020KibanS,2020KibanSRUN01,20191113T0130-KUM-Nagahama
2020KibanS,2020KibanSRUN01,20191114T0315-AKU-Hiai
2020KibanS,2020KibanSRUN01,20191118T2347-FRA-SetonaikaiWest
2020KibanS,2020KibanSRUN01,20191119T0130-KUM-Nagahama
2020KibanS,2020KibanSRUN01,20191120T0610-AKU-Hiai
2020KibanS,2020KibanSRUN01,20191122T0205-OCF-Kayo
2020KibanS,2020KibanSRUN01,20191122T0530-OCF-Bise
2020KibanS,2020KibanSRUN01,20191126T0115-KUM-Nagahama
2020KibanS,2020KibanSRUN01,20191127T0345-AKU-Hiai
2020KibanS,2020KibanSRUN01,20191129T0116-SZW-Marutamae
2020KibanS,2020KibanSRUN01,20191129T0207-SZW-Takihama
2020KibanS,2020KibanSRUN01,20191202T2344-FRA-SetonaikaiWest
2020KibanS,2020KibanSRUN01,20191203T0345-AKU-Hiai
2020KibanS,2020KibanSRUN01,20191204T0130-KUM-Nagahama
2020KibanS,2020KibanSRUN01,20191204T0407-RUI-Iriomote
2020KibanS,2020KibanSRUN01,20191205T0600-AMS-Asamushi
2020KibanS,2020KibanSRUN01,20191206T0110-TSD-Komakibashi
2020KibanS,2020KibanSRUN01,20191208T2351-FRA-SetonaikaiWest
2020KibanS,2020KibanSRUN01,20191208T2351-FRA-SetonaikaiWest-NC
2020KibanS,2020KibanSRUN01,20191209T0615-OCF-Bise
2020KibanS,2020KibanSRUN01,20191209T0755-OCF-Kayo
2020KibanS,2020KibanSRUN01,20191210T0050-KUM-Otomi-Surface
2020KibanS,2020KibanSRUN01,20191210T0210-KUM-Otomi-Bottom
2020KibanS,2020KibanSRUN01,20191210T2353-AKU-Hiai
2020KibanS,2020KibanSRUN01,20191210T2353-AKU-Hiai-NC
2020KibanS,2020KibanSRUN01,20191211T0120-KUM-Nagahama
2020KibanS,2020KibanSRUN01,20191211T0136-AMS-Asamushi
2020KibanS,2020KibanSRUN01,20191211T0213-SZW-Takihama
2020KibanS,2020KibanSRUN01,20191215T2346-FRA-SetonaikaiWest
2020KibanS,2020KibanSRUN01,20191216T0600-AKU-Hiai
2020KibanS,2020KibanSRUN01,20191217T0130-KUM-Nagahama
2020KibanS,2020KibanSRUN01,20191217T0432-AMS-Asamushi
2020KibanS,2020KibanSRUN01,20191218T2350-FRA-SetonaikaiWest
2020KibanS,2020KibanSRUN01,20191219T0610-OCF-Bise
2020KibanS,2020KibanSRUN01,20191219T0745-OCF-Kayo
2020KibanS,2020KibanSRUN01,20191220T0100-HUF-Nanaehama
2020KibanS,2020KibanSRUN01,20191223T0430-HUF-MutsuSekine
2020KibanS,2020KibanSRUN01,20191223T2345-FRA-SetonaikaiWest
2020KibanS,2020KibanSRUN01,20191224T0130-KUM-Nagahama
2020KibanS,2020KibanSRUN01,20191224T0310-AKU-Hiai
2020KibanS,2020KibanSRUN01,20191225T0134-AMS-Asamushi
2020KibanS,2020KibanSRUN01,20191225T0150-SZW-Takihama
2020KibanS,2020KibanSRUN01,20191231T0115-KUM-Nagahama
2020KibanS,2020KibanSRUN01,20191231T0430-AKU-Hiai
2020KibanS,2020KibanSRUN01,20200101T0115-OCF-Kayo
2020KibanS,2020KibanSRUN01,20200101T0645-OCF-Bise
2020KibanS,2020KibanSRUN01,20200105T0345-RUI-Iriomote
2020KibanS,2020KibanSRUN01,20200107T0130-AMS-Asamushi
2020KibanS,2020KibanSRUN01,20200107T0130-AMS-Asamushi-NC
2020KibanS,2020KibanSRUN01,20200107T0130-KUM-Nagahama
2020KibanS,2020KibanSRUN01,20200107T0710-AKU-Hiai
2020KibanS,2020KibanSRUN01,20200109T0155-SZW-Takihama
2020KibanS,2020KibanSRUN01,20200109T2341-FRA-SetonaikaiWest
2020KibanS,2020KibanSRUN01,20200113T2345-FRA-SetonaikaiWest
2020KibanS,2020KibanSRUN01,20200113T2345-FRA-SetonaikaiWest-NC
2020KibanS,2020KibanSRUN01,20200114T0100-OCF-Bise
2020KibanS,2020KibanSRUN01,20200114T0110-KUM-Nagahama
2020KibanS,2020KibanSRUN01,20200114T0110-KUM-Nagahama-NC
2020KibanS,2020KibanSRUN01,20200114T0240-OCF-Kayo
2020KibanS,2020KibanSRUN01,20200114T0330-AKU-Hiai
2020KibanS,2020KibanSRUN01,20200115T0041-AMS-Asamushi
2020KibanS,2020KibanSRUN01,20200119T2340-FRA-SetonaikaiWest
2020KibanS,2020KibanSRUN01,20200120T0415-HUF-Nanaehama
2020KibanS,2020KibanSRUN01,20200120T0430-HUF-MutsuSekine
2020KibanS,2020KibanSRUN01,20200121T0110-KUM-Nagahama
2020KibanS,2020KibanSRUN01,20200122T0152-SZW-Takihama
2020KibanS,2020KibanSRUN01,20200122T0500-AMS-Asamushi
2020KibanS,2020KibanSRUN01,20200122T0650-AKU-Hiai
2020KibanS,2020KibanSRUN01,20200128T0110-KUM-Nagahama
2020KibanS,2020KibanSRUN01,20200128T0342-AKU-Hiai
2020KibanS,2020KibanSRUN01,20200129T0130-AMS-Asamushi
2020KibanS,2020KibanSRUN01,20200129T2350-FRA-SetonaikaiWest
2020KibanS,2020KibanSRUN01,20200130T0505-OCF-Bise
2020KibanS,2020KibanSRUN01,20200130T0505-OCF-Bise-NC
2020KibanS,2020KibanSRUN01,20200130T0640-OCF-Kayo
2020KibanS,2020KibanSRUN01,20200202T0325-AKU-Hiai
2020KibanS,2020KibanSRUN01,20200202T2345-FRA-SetonaikaiWest
2020KibanS,2020KibanSRUN01,20200203T0130-KUM-Nagahama
2020KibanS,2020KibanSRUN01,20200205T0150-SZW-Takihama
2020KibanS,2020KibanSRUN01,20200205T0417-AMS-Asamushi
2020KibanS,2020KibanSRUN01,20200206T0520-RUI-Iriomote
2020KibanS,2020KibanSRUN01,20200207T0100-KUM-Otomi-Surface
2020KibanS,2020KibanSRUN01,20200207T0230-KUM-Otomi-Bottom
2020KibanS,2020KibanSRUN01,20200211T0400-AKU-Hiai
2020KibanS,2020KibanSRUN01,20200212T0036-AMS-Asamushi
2020KibanS,2020KibanSRUN01,20200212T0036-AMS-Asamushi-NC
2020KibanS,2020KibanSRUN01,20200212T0120-KUM-Nagahama
2020KibanS,2020KibanSRUN01,20200212T0430-SAD-SadoRinkai
2020KibanS,2020KibanSRUN01,20200212T0430-SAD-SadoRinkai-NC
2020KibanS,2020KibanSRUN01,20200212T0437-AKS-AkkeshiRinkai
2020KibanS,2020KibanSRUN01,20200212T0437-AKS-AkkeshiRinkai-NC
2020KibanS,2020KibanSRUN01,20200212T0520-OCF-Bise
2020KibanS,2020KibanSRUN01,20200212T0650-OCF-Kayo
2020KibanS,2020KibanSRUN01,20200214T0111-OKI-OkiRinkai
2020KibanS,2020KibanSRUN01,20200214T0420-HUF-MutsuSekine
2020KibanS,2020KibanSRUN01,20200218T0115-KUM-Nagahama
2020KibanS,2020KibanSRUN01,20200219T0130-AMS-Asamushi
2020KibanS,2020KibanSRUN01,20200219T0810-AKU-Hiai
2020KibanS,2020KibanSRUN01,20200220T0145-SZW-Takihama
2020KibanS,2020KibanSRUN01,20200220T2350-FRA-SetonaikaiWest
2020KibanS,2020KibanSRUN01,20200221T0025-HUF-Nanaehama
2020KibanS,2020KibanSRUN01,20200225T0110-KUM-Nagahama
2020KibanS,2020KibanSRUN01,20200225T0310-AKU-Hiai
2020KibanS,2020KibanSRUN01,20200225T0310-AKU-Hiai-NC
2020KibanS,2020KibanSRUN01,20200226T0604-AMS-Asamushi
2020KibanS,2020KibanSRUN01,20200227T0605-OCF-Kayo
2020KibanS,2020KibanSRUN01,20200227T2310-OCF-Bise
2020KibanS,2020KibanSRUN01,20200228T0005-FRA-SetonaikaiWest
2020KibanS,2020KibanSRUN01,20200301T2344-FRA-SetonaikaiWest
2020KibanS,2020KibanSRUN01,20200302T0040-KUE-IP-E
2020KibanS,2020KibanSRUN01,20200302T0145-KUE-IP-W
2020KibanS,2020KibanSRUN01,20200302T0145-KUE-IP-W-NC
2020KibanS,2020KibanSRUN01,20200303T0140-SZW-Takihama
2020KibanS,2020KibanSRUN01,20200304T0050-AMS-Asamushi
2020KibanS,2020KibanSRUN01,20200304T0120-KUM-Nagahama
2020KibanS,2020KibanSRUN01,20200304T0135-KUE-Kamitsushima3
2020KibanS,2020KibanSRUN01,20200304T0155-SZW-Takihama
2020KibanS,2020KibanSRUN01,20200304T0250-KUE-Kamitsushima2
2020KibanS,2020KibanSRUN01,20200304T0405-KUE-Kamitsushima1
2020KibanS,2020KibanSRUN01,20200304T0552-KUE-Shimotsushima2
2020KibanS,2020KibanSRUN01,20200304T0710-KUE-Shimotsushima3
2020KibanS,2020KibanSRUN01,20200304T0800-KUE-Shimotsushima1
2020KibanS,2020KibanSRUN01,20200304T0800-KUE-Shimotsushima1-NC
2020KibanS,2020KibanSRUN01,20200305T0610-AKU-Hiai
2020KibanS,2020KibanSRUN01,20200306T0107-AKS-AkkeshiRinkai
2020KibanS,2020KibanSRUN01,20200306T0450-KUM-Otomi-Surface
2020KibanS,2020KibanSRUN01,20200306T0600-KUM-Otomi-Bottom
2020KibanS,2020KibanSRUN01,20200307T0108-AKS-AkkeshiRinkai
2020KibanS,2020KibanSRUN01,20200308T0200-NML-NotoRinkai
2020KibanS,2020KibanSRUN01,20200308T0647-RUI-Iriomote
2020KibanS,2020KibanSRUN01,20200309T0019-FRA-SetonaikaiWest
2020KibanS,2020KibanSRUN01,20200309T0019-FRA-SetonaikaiWest-NC
2020KibanS,2020KibanSRUN01,20200309T0420-AKS-AkkeshiRinkai
2020KibanS,2020KibanSRUN01,20200309T0438-SAD-SadoRinkai
2020KibanS,2020KibanSRUN01,20200309T0720-OKI-OkiRinkai
2020KibanS,2020KibanSRUN01,20200310T0000-AMS-Asamushi
2020KibanS,2020KibanSRUN01,20200310T0125-KUM-Nagahama
2020KibanS,2020KibanSRUN01,20200311T0344-URF-Butokamabetsugawa
2020KibanS,2020KibanSRUN01,20200312T0120-NIE-KasumigauwaCenter
2020KibanS,2020KibanSRUN01,20200313T0120-SMB-Shirahama
2020KibanS,2020KibanSRUN01,20200314T0340-AKU-Hiai
2020KibanS,2020KibanSRUN01,20200316T0458-OCF-Bise
2020KibanS,2020KibanSRUN01,20200316T0635-OCF-Kayo
2020KibanS,2020KibanSRUN01,20200316T2342-FRA-SetonaikaiWest
2020KibanS,2020KibanSRUN01,20200317T0130-KUM-Nagahama
2020KibanS,2020KibanSRUN01,20200318T0000-AMS-Asamushi
2020KibanS,2020KibanSRUN01,20200318T0145-SZW-Takihama
2020KibanS,2020KibanSRUN01,20200318T0145-SZW-Takihama-NC
2020KibanS,2020KibanSRUN01,20200319T0405-HUF-Nanaehama
2020KibanS,2020KibanSRUN01,20200321T0430-KRF-Kasuya
2020KibanS,2020KibanSRUN01,20200321T0700-AKU-Hiai
2020KibanS,2020KibanSRUN01,20200322T2345-FRA-SetonaikaiWest
2020KibanS,2020KibanSRUN01,20200324T0024-AMS-Asamushi
2020KibanS,2020KibanSRUN01,20200324T0115-KUM-Nagahama
2020KibanS,2020KibanSRUN01,20200324T0115-KUM-Nagahama-NC
2020KibanS,2020KibanSRUN01,20200324T0445-TSD-Kamuriki
2020KibanS,2020KibanSRUN01,20200326T0127-ASU-Ashiu
2020KibanS,2020KibanSRUN01,20200331T0120-KUM-Nagahama
2020KibanS,2020KibanSRUN01,20200331T0145-SZW-Takihama
2020KibanS,2020KibanSRUN01,20200401T2350-OCF-Kayo
2020KibanS,2020KibanSRUN01,20200402T0030-AMS-Asamushi
2020KibanS,2020KibanSRUN01,20200402T0135-TSD-Daimyojin
2020KibanS,2020KibanSRUN01,20200402T0320-OCF-Bise
2020KibanS,2020KibanSRUN01,20200402T0330-AKU-Hiai
2020KibanS,2020KibanSRUN01,20200402T2340-FRA-SetonaikaiWest
2020KibanS,2020KibanSRUN01,20200403T0235-TSD-Shitsugen
2020KibanS,2020KibanSRUN01,20200406T0700-RUI-Iriomote
2020KibanS,2020KibanSRUN01,20200407T0130-KUM-Nagahama
2020KibanS,2020KibanSRUN01,20200407T2350-FRA-SetonaikaiWest
2020KibanS,2020KibanSRUN01,20200408T0100-NIE-KasumigauwaCenter
2020KibanS,2020KibanSRUN01,20200408T0100-NIE-KasumigauwaCenter-NC
2020KibanS,2020KibanSRUN01,20200408T0300-AKU-Hiai
2020KibanS,2020KibanSRUN01,20200408T0440-AKS-AkkeshiRinkai
2020KibanS,2020KibanSRUN01,20200408T0500-AMS-Asamushi
2020KibanS,2020KibanSRUN01,20200409T0102-URF-Butokamabetsugawa
2020KibanS,2020KibanSRUN01,20200411T0142-AKS-AkkeshiRinkai
2020KibanS,2020KibanSRUN01,20200413T2350-FRA-SetonaikaiWest
2020KibanS,2020KibanSRUN01,20200414T0115-KUM-Nagahama
2020KibanS,2020KibanSRUN01,20200414T0629-ASU-Ashiu
2020KibanS,2020KibanSRUN01,20200414T2350-OCF-Kayo
2020KibanS,2020KibanSRUN01,20200415T0020-SAD-SadoRinkai
2020KibanS,2020KibanSRUN01,20200415T0050-KUM-Otomi-Surface
2020KibanS,2020KibanSRUN01,20200415T0100-NML-NotoRinkai
2020KibanS,2020KibanSRUN01,20200415T0119-OCF-Bise
2020KibanS,2020KibanSRUN01,20200415T0150-SZW-Takihama
2020KibanS,2020KibanSRUN01,20200415T0205-KUM-Otomi-Bottom
2020KibanS,2020KibanSRUN01,20200415T0430-AMS-Asamushi
2020KibanS,2020KibanSRUN01,20200415T0430-AMS-Asamushi-NC
2020KibanS,2020KibanSRUN01,20200415T0455-OKI-OkiRinkai
2020KibanS,2020KibanSRUN01,20200416T0631-AKU-Hiai
2020KibanS,2020KibanSRUN01,20200416T0720-TMK-Horonaigawa
2020KibanS,2020KibanSRUN01,20200416T0720-TMK-Horonaigawa-NC
2020KibanS,2020KibanSRUN01,20200417T0108-HUF-Nanaehama
2020KibanS,2020KibanSRUN01,20200420T2340-FRA-SetonaikaiWest
2020KibanS,2020KibanSRUN01,20200421T0115-KUM-Nagahama
2020KibanS,2020KibanSRUN01,20200421T0500-KRF-Kasuya
2020KibanS,2020KibanSRUN01,20200422T0025-AMS-Asamushi
2020KibanS,2020KibanSRUN01,20200422T0248-AKU-Hiai
2020KibanS,2020KibanSRUN01,20200422T0445-TSD-Kamuriki
2020KibanS,2020KibanSRUN01,20200423T0130-SMB-SugashimaRinkai
2020KibanS,2020KibanSRUN01,20200427T0030-HUA-Chitosegawa1
2020KibanS,2020KibanSRUN01,20200427T0200-HUA-Chitosegawa2
2020KibanS,2020KibanSRUN01,20200427T0315-HUA-Chitosegawa4
2020KibanS,2020KibanSRUN01,20200427T0425-HUA-Chitosegawa-NC
2020KibanS,2020KibanSRUN01,20200427T0425-HUA-Chitosegawa3
2020KibanS,2020KibanSRUN01,20200428T0000-FRA-SetonaikaiWest
2020KibanS,2020KibanSRUN01,20200428T0000-FRA-SetonaikaiWest-NC
2020KibanS,2020KibanSRUN01,20200428T0030-AMS-Asamushi
2020KibanS,2020KibanSRUN01,20200428T0120-KUM-Nagahama
2020KibanS,2020KibanSRUN01,20200428T0150-SZW-Takihama
2020KibanS,2020KibanSRUN01,20200428T0208-AKS-AkkeshiRinkai
2020KibanS,2020KibanSRUN01,20200428T0208-AKS-AkkeshiRinkai-NC
2020KibanS,2020KibanSRUN01,20200430T0150-SMD-Shimoda
2020KibanS,2020KibanSRUN01,20200430T0150-SMD-Shimoda-NC
2020KibanS,2020KibanSRUN01,20200430T0300-TES-Teshio
2020KibanS,2020KibanSRUN01,20200430T0355-AKU-Hiai
2020KibanS,2020KibanSRUN01,20200504T0002-OCF-Kayo
2020KibanS,2020KibanSRUN01,20200504T0400-OCF-Bise
2020KibanS,2020KibanSRUN01,20200504T0400-OCF-Bise-NC
2020KibanS,2020KibanSRUN01,20200505T0120-KUM-Nagahama
2020KibanS,2020KibanSRUN01,20200507T0240-AKU-Hiai
2020KibanS,2020KibanSRUN01,20200507T0750-RUI-Iriomote
2020KibanS,2020KibanSRUN01,20200507T0900-RUI-Iriomote-NC
2020KibanS,2020KibanSRUN01,20200507T2350-FRA-SetonaikaiWest
2020KibanS,2020KibanSRUN01,20200507T2350-FRA-SetonaikaiWest-NC
2020KibanS,2020KibanSRUN01,20200511T2350-FRA-SetonaikaiWest
2020KibanS,2020KibanSRUN01,20200511T2350-FRA-SetonaikaiWest-NC
2020KibanS,2020KibanSRUN01,20200512T0040-AMS-Asamushi
2020KibanS,2020KibanSRUN01,20200513T0049-SBC-Shibecha
2020KibanS,2020KibanSRUN01,20200513T0145-SZW-Takihama
2020KibanS,2020KibanSRUN01,20200513T0150-NIE-KasumigauwaCenter
2020KibanS,2020KibanSRUN01,20200514T0000-SMB-Shirahama
2020KibanS,2020KibanSRUN01,20200514T0100-KUM-Otomi-Surface
2020KibanS,2020KibanSRUN01,20200514T0130-ASU-Ashiu
2020KibanS,2020KibanSRUN01,20200514T0205-KUM-Otomi-Bottom
2020KibanS,2020KibanSRUN01,20200514T0350-AKU-Hiai
2020KibanS,2020KibanSRUN01,20200514T0350-AKU-Hiai-NC
2020KibanS,2020KibanSRUN01,20200514T2350-HUF-Nanaehama
2020KibanS,2020KibanSRUN01,20200514T2350-HUF-Nanaehama-NC
2020KibanS,2020KibanSRUN01,20200515T0104-URF-Butokamabetsugawa
2020KibanS,2020KibanSRUN01,20200515T0104-URF-Butokamabetsugawa-NC
2020KibanS,2020KibanSRUN01,20200515T0120-KUM-Nagahama
2020KibanS,2020KibanSRUN01,20200515T0420-HUF-MutsuSekine
2020KibanS,2020KibanSRUN01,20200516T0530-OCF-Bise
2020KibanS,2020KibanSRUN01,20200516T0700-OCF-Kayo
2020KibanS,2020KibanSRUN01,20200518T0008-SAD-SadoRinkai
2020KibanS,2020KibanSRUN01,20200518T0120-NML-NotoRinkai
2020KibanS,2020KibanSRUN01,20200518T2350-FRA-SetonaikaiWest
2020KibanS,2020KibanSRUN01,20200518T2350-FRA-SetonaikaiWest-NC
2020KibanS,2020KibanSRUN01,20200519T0105-AKS-AkkeshiRinkai
2020KibanS,2020KibanSRUN01,20200519T0120-KUM-Nagahama
2020KibanS,2020KibanSRUN01,20200519T0645-OKI-OkiRinkai
2020KibanS,2020KibanSRUN01,20200520T0025-AKU-Hiai
2020KibanS,2020KibanSRUN01,20200520T0228-SBC-Shibecha
2020KibanS,2020KibanSRUN01,20200521T0016-AMS-Asamushi
2020KibanS,2020KibanSRUN01,20200521T0550-KZG-Kozagawa
2020KibanS,2020KibanSRUN01,20200521T0610-TMK-Horonaigawa
2020KibanS,2020KibanSRUN01,20200525T0030-HUA-Chitosegawa1
2020KibanS,2020KibanSRUN01,20200525T0235-HUA-Chitosegawa2
2020KibanS,2020KibanSRUN01,20200525T0340-HUA-Chitosegawa4
2020KibanS,2020KibanSRUN01,20200525T0425-HUA-Chitosegawa3
2020KibanS,2020KibanSRUN01,20200525T2350-FRA-SetonaikaiWest
2020KibanS,2020KibanSRUN01,20200525T2350-FRA-SetonaikaiWest-NC
2020KibanS,2020KibanSRUN01,20200526T0020-AMS-Asamushi
2020KibanS,2020KibanSRUN01,20200527T0016-SBC-Shibecha
2020KibanS,2020KibanSRUN01,20200527T0130-KUM-Nagahama
2020KibanS,2020KibanSRUN01,20200527T0150-SZW-Takihama
2020KibanS,2020KibanSRUN01,20200528T0110-AKS-AkkeshiRinkai
2020KibanS,2020KibanSRUN01,20200528T0115-TES-Teshio
2020KibanS,2020KibanSRUN01,20200528T0325-AKU-Hiai
2020KibanS,2020KibanSRUN01,20200528T0555-SMD-Shimoda
2020KibanS,2020KibanSRUN01,20200529T0130-SMB-SugashimaRinkai
2020KibanS,2020KibanSRUN01,20200529T0208-OCF-Kayo
2020KibanS,2020KibanSRUN01,20200529T0507-OCF-Bise
2020KibanS,2020KibanSRUN01,20200601T0130-KUM-Nagahama
2020KibanS,2020KibanSRUN01,20200601T0130-KUM-Nagahama-NC
2020KibanS,2020KibanSRUN01,20200601T2350-FRA-SetonaikaiWest
2020KibanS,2020KibanSRUN01,20200601T2350-FRA-SetonaikaiWest-NC
2020KibanS,2020KibanSRUN01,20200602T0035-AMS-Asamushi
2020KibanS,2020KibanSRUN01,20200602T0440-TSD-Kamuriki
2020KibanS,2020KibanSRUN01,20200602T0440-TSD-Kamuriki-NC
2020KibanS,2020KibanSRUN01,20200603T0032-SBC-Shibecha
2020KibanS,2020KibanSRUN01,20200603T0800-AKU-Hiai
2020KibanS,2020KibanSRUN01,20200604T0045-RUI-Iriomote
2020KibanS,2020KibanSRUN01,20200609T0044-SAD-SadoRinkai
2020KibanS,2020KibanSRUN01,20200609T2347-FRA-SetonaikaiWest
2020KibanS,2020KibanSRUN01,20200609T2347-FRA-SetonaikaiWest-NC
2020KibanS,2020KibanSRUN01,20200610T0025-AMS-Asamushi
2020KibanS,2020KibanSRUN01,20200610T0100-NIE-KasumigauwaCenter
2020KibanS,2020KibanSRUN01,20200610T0106-SBC-Shibecha
2020KibanS,2020KibanSRUN01,20200610T0120-KUM-Nagahama
2020KibanS,2020KibanSRUN01,20200610T0145-SZW-Takihama
2020KibanS,2020KibanSRUN01,20200610T0200-AKU-Hiai
2020KibanS,2020KibanSRUN01,20200610T0730-OKI-OkiRinkai
2020KibanS,2020KibanSRUN01,20200612T0115-KUE-Gotoh4
2020KibanS,2020KibanSRUN01,20200612T0205-KUE-Gotoh2
2020KibanS,2020KibanSRUN01,20200612T0324-KUE-Gotoh3
2020KibanS,2020KibanSRUN01,20200612T0420-KUE-Gotoh1
2020KibanS,2020KibanSRUN01,20200612T0420-KUE-Gotoh1-NC
2020KibanS,2020KibanSRUN01,20200612T0512-OCF-Bise
2020KibanS,2020KibanSRUN01,20200612T0718-OCF-Kayo
2020KibanS,2020KibanSRUN01,20200615T0058-URF-Butokamabetsugawa
2020KibanS,2020KibanSRUN01,20200615T0220-HUF-MutsuSekine
2020KibanS,2020KibanSRUN01,20200615T2350-FRA-SetonaikaiWest
2020KibanS,2020KibanSRUN01,20200615T2350-FRA-SetonaikaiWest-NC
2020KibanS,2020KibanSRUN01,20200616T0110-AKS-AkkeshiRinkai
2020KibanS,2020KibanSRUN01,20200616T0115-KUM-Nagahama
2020KibanS,2020KibanSRUN01,20200616T0620-ASU-Ashiu
2020KibanS,2020KibanSRUN01,20200617T0027-AMS-Asamushi
2020KibanS,2020KibanSRUN01,20200617T0100-KUM-Otomi-Surface
2020KibanS,2020KibanSRUN01,20200617T0200-KUM-Otomi-Bottom
2020KibanS,2020KibanSRUN01,20200617T0244-SBC-Shibecha
2020KibanS,2020KibanSRUN01,20200617T0600-AKU-Hiai
2020KibanS,2020KibanSRUN01,20200618T0415-UTO-OtsuchiBay
2020KibanS,2020KibanSRUN01,20200620T0102-HUF-Nanaehama
2020KibanS,2020KibanSRUN01,20200623T0120-KUM-Nagahama
2020KibanS,2020KibanSRUN01,20200623T2346-FRA-SetonaikaiWest
2020KibanS,2020KibanSRUN01,20200623T2346-FRA-SetonaikaiWest-NC
2020KibanS,2020KibanSRUN01,20200624T0025-AMS-Asamushi
2020KibanS,2020KibanSRUN01,20200624T0025-AMS-Asamushi-NC
2020KibanS,2020KibanSRUN01,20200624T0150-SZW-Takihama
2020KibanS,2020KibanSRUN01,20200624T0246-SBC-Shibecha
2020KibanS,2020KibanSRUN01,20200624T0300-AKU-Hiai
2020KibanS,2020KibanSRUN01,20200624T0515-TSD-Kamuriki
2020KibanS,2020KibanSRUN01,20200624T0700-SMD-Shimoda
2020KibanS,2020KibanSRUN01,20200625T0050-HUA-Chitosegawa1
2020KibanS,2020KibanSRUN01,20200625T0250-HUA-Chitosegawa2
2020KibanS,2020KibanSRUN01,20200625T0400-HUA-Chitosegawa4
2020KibanS,2020KibanSRUN01,20200625T0510-HUA-Chitosegawa-NC
2020KibanS,2020KibanSRUN01,20200625T0510-HUA-Chitosegawa3
2020KibanS,2020KibanSRUN01,20200626T0025-AKS-AkkeshiRinkai
2020KibanS,2020KibanSRUN01,20200627T0435-SMU-EtomoPort
2020KibanS,2020KibanSRUN01,20200628T0001-SMU-Mihonoseki
2020KibanS,2020KibanSRUN01,20200629T0430-SMB-SugashimaRinkai
2020KibanS,2020KibanSRUN01,20200629T2350-FRA-SetonaikaiWest
2020KibanS,2020KibanSRUN01,20200630T0000-TES-Teshio
2020KibanS,2020KibanSRUN01,20200630T0120-KUM-Nagahama
2020KibanS,2020KibanSRUN01,20200630T0218-OCF-Kayo
2020KibanS,2020KibanSRUN01,20200630T0534-OCF-Bise
2020KibanS,2020KibanSRUN01,20200630T0610-AMS-Asamushi
2020KibanS,2020KibanSRUN01,20200701T0031-SBC-Shibecha
2020KibanS,2020KibanSRUN01,20200701T0548-AKU-Hiai
2020KibanS,2020KibanSRUN01,20200702T0030-TSD-Daimyojin
2020KibanS,2020KibanSRUN01,20200702T0530-RUI-Iriomote
2020KibanS,2020KibanSRUN01,20200705T0110-AKS-AkkeshiRinkai
2020KibanS,2020KibanSRUN01,20200708T0024-AMS-Asamushi
2020KibanS,2020KibanSRUN01,20200708T0058-SBC-Shibecha
2020KibanS,2020KibanSRUN01,20200708T0115-KUM-Nagahama
2020KibanS,2020KibanSRUN01,20200708T0145-SZW-Takihama
2020KibanS,2020KibanSRUN01,20200708T0400-AKU-Hiai
2020KibanS,2020KibanSRUN01,20200709T2344-FRA-SetonaikaiWest
2020KibanS,2020KibanSRUN01,20200713T0030-HUF-MutsuSekine
2020KibanS,2020KibanSRUN01,20200713T0130-SMD-Shikinejima
2020KibanS,2020KibanSRUN01,20200713T0130-SMD-Shikinejima-NC
2020KibanS,2020KibanSRUN01,20200713T0245-SMD-Shikinejima
2020KibanS,2020KibanSRUN01,20200713T0526-OCF-Bise
2020KibanS,2020KibanSRUN01,20200713T0526-OCF-Bise-NC
2020KibanS,2020KibanSRUN01,20200713T0700-OCF-Kayo
2020KibanS,2020KibanSRUN01,20200714T0005-KUE-IP-E
2020KibanS,2020KibanSRUN01,20200714T0120-KUE-IP-W
2020KibanS,2020KibanSRUN01,20200714T0120-KUE-IP-W-NC
2020KibanS,2020KibanSRUN01,20200714T2357-FRA-SetonaikaiWest
2020KibanS,2020KibanSRUN01,20200715T0021-AMS-Asamushi
2020KibanS,2020KibanSRUN01,20200715T0110-AKS-AkkeshiRinkai
2020KibanS,2020KibanSRUN01,20200715T0110-AKS-AkkeshiRinkai-NC
2020KibanS,2020KibanSRUN01,20200715T0200-SBC-Shibecha
2020KibanS,2020KibanSRUN01,20200715T0200-SBC-Shibecha-NC
2020KibanS,2020KibanSRUN01,20200716T0120-KUM-Nagahama
2020KibanS,2020KibanSRUN01,20200716T0704-ASU-Ashiu
2020KibanS,2020KibanSRUN01,20200716T0740-AKU-Hiai
2020KibanS,2020KibanSRUN01,20200717T0053-URF-Butokamabetsugawa
2020KibanS,2020KibanSRUN01,20200717T0415-UTO-OtsuchiBay
2020KibanS,2020KibanSRUN01,20200718T0413-HUF-Nanaehama
2020KibanS,2020KibanSRUN01,20200720T0110-NML-NotoRinkai
2020KibanS,2020KibanSRUN01,20200720T0445-SAD-SadoRinkai
2020KibanS,2020KibanSRUN01,20200721T0100-KUM-Otomi-Surface
2020KibanS,2020KibanSRUN01,20200721T0200-KUM-Otomi-Bottom
2020KibanS,2020KibanSRUN01,20200721T0547-AKS-AkkeshiRinkai
2020KibanS,2020KibanSRUN01,20200721T0710-OKI-OkiRinkai
2020KibanS,2020KibanSRUN01,20200721T2353-FRA-SetonaikaiWest
2020KibanS,2020KibanSRUN01,20200722T0038-SBC-Shibecha
2020KibanS,2020KibanSRUN01,20200722T0120-KUM-Nagahama
2020KibanS,2020KibanSRUN01,20200722T0130-UMI-UshimadoRinkai
2020KibanS,2020KibanSRUN01,20200722T0145-SZW-Takihama
2020KibanS,2020KibanSRUN01,20200722T0255-AKU-Hiai
2020KibanS,2020KibanSRUN01,20200722T0255-AKU-Hiai-NC
2020KibanS,2020KibanSRUN01,20200722T0547-AMS-Asamushi
2020KibanS,2020KibanSRUN01,20200727T0445-OCF-Bise
2020KibanS,2020KibanSRUN01,20200727T0630-OCF-Kayo
2020KibanS,2020KibanSRUN01,20200727T2345-FRA-SetonaikaiWest
2020KibanS,2020KibanSRUN01,20200728T0112-AKS-AkkeshiRinkai
2020KibanS,2020KibanSRUN01,20200728T0130-KUM-Nagahama
2020KibanS,2020KibanSRUN01,20200728T0545-AMS-Asamushi
2020KibanS,2020KibanSRUN01,20200729T0037-SBC-Shibecha
2020KibanS,2020KibanSRUN01,20200729T0120-HUA-Chitosegawa1
2020KibanS,2020KibanSRUN01,20200729T0200-SMD-Shimoda
2020KibanS,2020KibanSRUN01,20200729T0310-HUA-Chitosegawa2
2020KibanS,2020KibanSRUN01,20200729T0610-HUA-Chitosegawa4
2020KibanS,2020KibanSRUN01,20200729T0630-AKU-Hiai
2020KibanS,2020KibanSRUN01,20200729T0640-HUA-Chitosegawa3
2020KibanS,2020KibanSRUN01,20200729T0720-HUA-Chitosegawa-NC
2020KibanS,2020KibanSRUN01,20200730T0530-TES-Teshio
2020KibanS,2020KibanSRUN01,20200731T0011-SMU-EtomoPort
2020KibanS,2020KibanSRUN01,20200731T0155-SMU-Mihonoseki
2020KibanS,2020KibanSRUN01,20200731T0430-SMB-SugashimaRinkai
2020KibanS,2020KibanSRUN01,20200803T0430-SAD-SadoRinkai
2020KibanS,2020KibanSRUN01,20200803T2347-FRA-SetonaikaiWest
2020KibanS,2020KibanSRUN01,20200804T0120-KUM-Nagahama
2020KibanS,2020KibanSRUN01,20200804T0500-TSD-Shitsugen
2020KibanS,2020KibanSRUN01,20200805T0045-AMS-Asamushi
2020KibanS,2020KibanSRUN01,20200805T0115-SBC-Shibecha
2020KibanS,2020KibanSRUN01,20200805T0150-SZW-Takihama
2020KibanS,2020KibanSRUN01,20200805T0150-SZW-Takihama-NC
2020KibanS,2020KibanSRUN01,20200805T0440-TSD-Kamuriki
2020KibanS,2020KibanSRUN01,20200805T0911-RUI-Iriomote
2020KibanS,2020KibanSRUN01,20200806T0700-OKI-OkiRinkai
2020KibanS,2020KibanSRUN01,20200808T0345-AKU-Hiai
2020KibanS,2020KibanSRUN01,20200809T0414-AKS-AkkeshiRinkai
2020KibanS,2020KibanSRUN01,20200810T0500-AKS-AkkeshiRinkai
2020KibanS,2020KibanSRUN01,20200810T2350-FRA-SetonaikaiWest
2020KibanS,2020KibanSRUN01,20200811T0030-AMS-Asamushi
2020KibanS,2020KibanSRUN01,20200812T0210-OCF-Bise
2020KibanS,2020KibanSRUN01,20200812T0240-SBC-Shibecha
2020KibanS,2020KibanSRUN01,20200812T0710-OCF-Kayo
2020KibanS,2020KibanSRUN01,20200813T0723-URF-Butokamabetsugawa
2020KibanS,2020KibanSRUN01,20200813T2100-SMB-Shirahama
2020KibanS,2020KibanSRUN01,20200814T0120-KUM-Nagahama
2020KibanS,2020KibanSRUN01,20200814T0120-KUM-Nagahama-NC
2020KibanS,2020KibanSRUN01,20200815T0700-AKU-Hiai
2020KibanS,2020KibanSRUN01,20200817T0113-ASU-Ashiu
2020KibanS,2020KibanSRUN01,20200817T0400-UTO-OtsuchiBay
2020KibanS,2020KibanSRUN01,20200817T0510-HUF-MutsuSekine
2020KibanS,2020KibanSRUN01,20200818T0113-AKS-AkkeshiRinkai
2020KibanS,2020KibanSRUN01,20200818T0120-KUM-Nagahama
2020KibanS,2020KibanSRUN01,20200819T0017-SBC-Shibecha
2020KibanS,2020KibanSRUN01,20200819T0150-SZW-Takihama
2020KibanS,2020KibanSRUN01,20200819T0450-KZG-Kozagawa
2020KibanS,2020KibanSRUN01,20200819T0455-AMS-Asamushi
2020KibanS,2020KibanSRUN01,20200820T0100-KUM-Otomi-Surface
2020KibanS,2020KibanSRUN01,20200820T0130-UMI-UshimadoRinkai
2020KibanS,2020KibanSRUN01,20200820T0200-KUM-Otomi-Bottom
2020KibanS,2020KibanSRUN01,20200820T2346-FRA-SetonaikaiWest
2020KibanS,2020KibanSRUN01,20200821T0031-HUF-Nanaehama
2020KibanS,2020KibanSRUN01,20200822T0400-AKU-Hiai
2020KibanS,2020KibanSRUN01,20200824T0105-HUA-Chitosegawa1
2020KibanS,2020KibanSRUN01,20200824T0300-HUA-Chitosegawa2
2020KibanS,2020KibanSRUN01,20200824T0410-HUA-Chitosegawa4
2020KibanS,2020KibanSRUN01,20200824T0510-HUA-Chitosegawa3
2020KibanS,2020KibanSRUN01,20200824T0535-HUA-Chitosegawa-NC
2020KibanS,2020KibanSRUN01,20200824T0630-TES-Teshio
2020KibanS,2020KibanSRUN01,20200824T2343-FRA-SetonaikaiWest
2020KibanS,2020KibanSRUN01,20200825T0100-SMB-SugashimaRinkai
2020KibanS,2020KibanSRUN01,20200825T0120-KUM-Nagahama
2020KibanS,2020KibanSRUN01,20200825T0510-AKS-AkkeshiRinkai
2020KibanS,2020KibanSRUN01,20200826T0007-SMU-EtomoPort
2020KibanS,2020KibanSRUN01,20200826T0015-SBC-Shibecha
2020KibanS,2020KibanSRUN01,20200826T0128-AMS-Asamushi
2020KibanS,2020KibanSRUN01,20200826T0128-AMS-Asamushi-NC
2020KibanS,2020KibanSRUN01,20200826T0142-SMU-Mihonoseki
2020KibanS,2020KibanSRUN01,20200826T0430-SMD-Shimoda
2020KibanS,2020KibanSRUN01,20200826T0500-TSD-Kamuriki
2020KibanS,2020KibanSRUN01,20200828T0430-KRF-Kasuya
2020KibanS,2020KibanSRUN01,20200828T0500-OCF-Bise
2020KibanS,2020KibanSRUN01,20200828T0710-OCF-Kayo
2020KibanS,2020KibanSRUN01,20200830T0705-AKU-Hiai
2020KibanS,2020KibanSRUN01,20200831T2349-FRA-SetonaikaiWest
2020KibanS,2020KibanSRUN01,20200831T2349-FRA-SetonaikaiWest-NC
2020KibanS,2020KibanSRUN01,20200902T0140-SZW-Takihama
2020KibanS,2020KibanSRUN01,20200902T0200-SBC-Shibecha
2020KibanS,2020KibanSRUN01,20200902T0745-RUI-Iriomote
2020KibanS,2020KibanSRUN01,20200903T0110-AMS-Asamushi
2020KibanS,2020KibanSRUN01,20200904T0100-KUM-Otomi-Surface
2020KibanS,2020KibanSRUN01,20200904T0120-KUM-Nagahama
2020KibanS,2020KibanSRUN01,20200904T0200-KUM-Otomi-Bottom
2020KibanS,2020KibanSRUN01,20200904T0200-KUM-Otomi-NC
2020KibanS,2020KibanSRUN01,20200905T0400-AKU-Hiai
2020KibanS,2020KibanSRUN01,20200906T0040-NML-NotoRinkai
2020KibanS,2020KibanSRUN01,20200907T0437-AKS-AkkeshiRinkai
2020KibanS,2020KibanSRUN01,20200908T0120-KUM-Nagahama
2020KibanS,2020KibanSRUN01,20200908T2351-FRA-SetonaikaiWest
2020KibanS,2020KibanSRUN01,20200909T0136-SBC-Shibecha
2020KibanS,2020KibanSRUN01,20200910T0450-AMS-Asamushi
2020KibanS,2020KibanSRUN01,20200910T2320-OCF-Kayo
2020KibanS,2020KibanSRUN01,20200911T0015-KUE-IP-E
2020KibanS,2020KibanSRUN01,20200911T0050-OCF-Bise
2020KibanS,2020KibanSRUN01,20200911T0153-KUE-IP-W
2020KibanS,2020KibanSRUN01,20200911T0153-KUE-IP-W-NC
2020KibanS,2020KibanSRUN01,20200912T0700-AKU-Hiai
2020KibanS,2020KibanSRUN01,20200914T0530-OKI-OkiRinkai
2020KibanS,2020KibanSRUN01,20200915T0120-KUM-Nagahama
2020KibanS,2020KibanSRUN01,20200915T0412-AKS-AkkeshiRinkai
2020KibanS,2020KibanSRUN01,20200915T0420-HUF-MutsuSekine
2020KibanS,2020KibanSRUN01,20200915T2344-FRA-SetonaikaiWest
2020KibanS,2020KibanSRUN01,20200916T0135-SZW-Takihama
2020KibanS,2020KibanSRUN01,20200916T0148-SBC-Shibecha
2020KibanS,2020KibanSRUN01,20200917T0030-AMS-Asamushi
2020KibanS,2020KibanSRUN01,20200917T0115-KUE-Kamitsushima3
2020KibanS,2020KibanSRUN01,20200917T0225-KUE-Kamitsushima2
2020KibanS,2020KibanSRUN01,20200917T0310-AKU-Hiai
2020KibanS,2020KibanSRUN01,20200917T0332-KUE-Kamitsushima1
2020KibanS,2020KibanSRUN01,20200917T0430-KUE-Kamitsushima4
2020KibanS,2020KibanSRUN01,20200917T0525-KUE-Kamitsushima5
2020KibanS,2020KibanSRUN01,20200917T0645-KUE-Shimotsushima1
2020KibanS,2020KibanSRUN01,20200917T0750-KUE-Shimotsushima2
2020KibanS,2020KibanSRUN01,20200917T0850-KUE-Shimotsushima3
2020KibanS,2020KibanSRUN01,20200917T0850-KUE-Shimotsushima3-NC
2020KibanS,2020KibanSRUN01,20200922T0330-AKU-Hiai
2020KibanS,2020KibanSRUN01,20200923T0030-AMS-Asamushi
2020KibanS,2020KibanSRUN01,20200923T0030-FRA-SetonaikaiWest
2020KibanS,2020KibanSRUN01,20200923T0037-SBC-Shibecha
2020KibanS,2020KibanSRUN01,20200923T0037-SBC-Shibecha-NC
2020KibanS,2020KibanSRUN01,20200923T0423-AKS-AkkeshiRinkai
2020KibanS,2020KibanSRUN01,20200923T0423-AKS-AkkeshiRinkai-NC
2020KibanS,2020KibanSRUN01,20200923T2330-TSD-Kamuriki
2020KibanS,2020KibanSRUN01,20200924T0120-KUM-Nagahama
2020KibanS,2020KibanSRUN01,20200925T0200-TES-Teshio
2020KibanS,2020KibanSRUN01,20200925T0550-OCF-Bise
2020KibanS,2020KibanSRUN01,20200925T0550-OCF-Bise-NC
2020KibanS,2020KibanSRUN01,20200925T0740-OCF-Kayo
2020KibanS,2020KibanSRUN01,20200928T0030-UMI-UshimadoRinkai
2020KibanS,2020KibanSRUN01,20200928T0135-SMU-EtomoPort
2020KibanS,2020KibanSRUN01,20200928T0216-ASU-Ashiu
2020KibanS,2020KibanSRUN01,20200928T0258-SMU-Mihonoseki
2020KibanS,2020KibanSRUN01,20200928T0412-HUF-Nanaehama
2020KibanS,2020KibanSRUN01,20200928T0412-HUF-Nanaehama-NC
2020KibanS,2020KibanSRUN01,20200928T0430-KRF-Kasuya
2020KibanS,2020KibanSRUN01,20200928T0530-SMB-SugashimaRinkai
2020KibanS,2020KibanSRUN01,20200929T0020-HUA-Chitosegawa1
2020KibanS,2020KibanSRUN01,20200929T0110-KUM-Nagahama
2020KibanS,2020KibanSRUN01,20200929T0220-HUA-Chitosegawa2
2020KibanS,2020KibanSRUN01,20200929T0345-HUA-Chitosegawa4
2020KibanS,2020KibanSRUN01,20200929T0350-UTO-OtsuchiBay
2020KibanS,2020KibanSRUN01,20200929T0445-SMD-Shimoda
2020KibanS,2020KibanSRUN01,20200929T0450-HUA-Chitosegawa3
2020KibanS,2020KibanSRUN01,20200929T0500-TMK-Horonaigawa
2020KibanS,2020KibanSRUN01,20200929T0520-HUA-Chitosegawa-NC
2020KibanS,2020KibanSRUN01,20200930T0020-SBC-Shibecha
2020KibanS,2020KibanSRUN01,20200930T0130-SZW-Takihama
2020KibanS,2020KibanSRUN01,20200930T0340-SAD-SadoRinkai
2020KibanS,2020KibanSRUN01,20200930T0432-AKS-AkkeshiRinkai
2020KibanS,2020KibanSRUN01,20201001T0725-RUI-Iriomote
2020KibanS,2020KibanSRUN01,20201001T2350-FRA-SetonaikaiWest
2020KibanS,2020KibanSRUN01,20201005T2346-FRA-SetonaikaiWest
2020KibanS,2020KibanSRUN01,20201006T0110-AKS-AkkeshiRinkai
2020KibanS,2020KibanSRUN01,20201006T0110-KUM-Nagahama
2020KibanS,2020KibanSRUN01,20201007T0205-SBC-Shibecha
2020KibanS,2020KibanSRUN01,20201007T0445-TSD-Daimyojin
2020KibanS,2020KibanSRUN01,20201010T0010-OCF-Kayo
2020KibanS,2020KibanSRUN01,20201010T0650-OCF-Bise
2020KibanS,2020KibanSRUN01,20201013T0110-KUM-Nagahama
2020KibanS,2020KibanSRUN01,20201013T0600-ASU-Ashiu
2020KibanS,2020KibanSRUN01,20201013T2354-FRA-SetonaikaiWest
2020KibanS,2020KibanSRUN01,20201014T0015-OKI-OkiRinkai
2020KibanS,2020KibanSRUN01,20201014T0020-TMK-Horonaigawa
2020KibanS,2020KibanSRUN01,20201014T0033-SBC-Shibecha
2020KibanS,2020KibanSRUN01,20201014T0145-SZW-Takihama
2020KibanS,2020KibanSRUN01,20201014T2300-NTK-Kotohiragawa-NC
2020KibanS,2020KibanSRUN01,20201014T2330-NTK-Kotohiragawa
2020KibanS,2020KibanSRUN01,20201015T0416-AKS-AkkeshiRinkai
2020KibanS,2020KibanSRUN01,20201019T0350-UTO-OtsuchiBay
2020KibanS,2020KibanSRUN01,20201020T0001-FRA-SetonaikaiWest
2020KibanS,2020KibanSRUN01,20201020T0412-AKS-AkkeshiRinkai
2020KibanS,2020KibanSRUN01,20201021T0158-SBC-Shibecha
2020KibanS,2020KibanSRUN01,20201021T0530-SMD-Shimoda
2020KibanS,2020KibanSRUN01,20201022T0130-SAD-SadoRinkai
2020KibanS,2020KibanSRUN01,20201022T0500-TES-Teshio
2020KibanS,2020KibanSRUN01,20201025T0511-SMU-Mihonoseki
2020KibanS,2020KibanSRUN01,20201025T0636-SMU-EtomoPort
2020KibanS,2020KibanSRUN01,20201025T0730-SMU-EtomoPort-NC
2020KibanS,2020KibanSRUN01,20201026T0410-HUF-Nanaehama
2020KibanS,2020KibanSRUN01,20201026T0630-OCF-Kayo
2020KibanS,2020KibanSRUN01,20201026T0820-OCF-Bise
2020KibanS,2020KibanSRUN01,20201026T2350-FRA-SetonaikaiWest
2020KibanS,2020KibanSRUN01,20201027T0600-SMB-SugashimaRinkai
2020KibanS,2020KibanSRUN01,20201027T2345-TSD-Kamuriki
2020KibanS,2020KibanSRUN01,20201028T0030-HUA-Chitosegawa1
2020KibanS,2020KibanSRUN01,20201028T0110-KUM-Nagahama
2020KibanS,2020KibanSRUN01,20201028T0112-SBC-Shibecha
2020KibanS,2020KibanSRUN01,20201028T0130-AKS-AkkeshiRinkai
2020KibanS,2020KibanSRUN01,20201028T0130-SZW-Takihama
2020KibanS,2020KibanSRUN01,20201028T0150-UMI-UshimadoRinkai
2020KibanS,2020KibanSRUN01,20201028T0245-HUA-Chitosegawa2
2020KibanS,2020KibanSRUN01,20201028T0405-HUA-Chitosegawa4
2020KibanS,2020KibanSRUN01,20201028T0430-KRF-Kasuya
2020KibanS,2020KibanSRUN01,20201028T0505-HUA-Chitosegawa3
2020KibanS,2020KibanSRUN01,20201028T0525-HUA-Chitosegawa-NC
2020KibanS,2020KibanSRUN01,20201103T2345-FRA-SetonaikaiWest
2020KibanS,2020KibanSRUN01,20201104T0110-KUM-Nagahama
2020KibanS,2020KibanSRUN01,20201104T0430-TSD-Shitsugen
2020KibanS,2020KibanSRUN01,20201106T0100-RUI-Iriomote
2020KibanS,2020KibanSRUN01,20201110T0110-KUM-Nagahama
2020KibanS,2020KibanSRUN01,20201110T2345-FRA-SetonaikaiWest
2020KibanS,2020KibanSRUN01,20201110T2345-FRA-SetonaikaiWest-NC
2020KibanS,2020KibanSRUN01,20201111T0030-TMK-Horonaigawa
2020KibanS,2020KibanSRUN01,20201111T0136-SZW-Takihama
2020KibanS,2020KibanSRUN01,20201111T0412-AKS-AkkeshiRinkai
2020KibanS,2020KibanSRUN01,20201113T0100-KUM-Otomi-Surface
2020KibanS,2020KibanSRUN01,20201113T0121-ASU-Ashiu
2020KibanS,2020KibanSRUN01,20201113T0200-KUM-Otomi-Bottom
2020KibanS,2020KibanSRUN01,20201116T0300-UTF-Hamamatsu
2020KibanS,2020KibanSRUN01,20201116T0300-UTF-Hamamatsu-NC
2020KibanS,2020KibanSRUN01,20201116T0430-NML-NotoRinkai-NC
2020KibanS,2020KibanSRUN01,20201116T0600-NIE-KasumigauwaCenter
2020KibanS,2020KibanSRUN01,20201117T0110-KUM-Nagahama
2020KibanS,2020KibanSRUN01,20201118T0440-KZG-Kozagawa-NC
2020KibanS,2020KibanSRUN01,20201118T0500-KZG-Kozagawa
2020KibanS,2020KibanSRUN01,20201119T0432-AKS-AkkeshiRinkai
2020KibanS,2020KibanSRUN01,20201119T0600-SAD-SadoRinkai
2020KibanS,2020KibanSRUN01,20201123T2345-FRA-SetonaikaiWest
2020KibanS,2020KibanSRUN01,20201124T0115-KUM-Nagahama
2020KibanS,2020KibanSRUN01,20201124T0440-SMD-Shimoda
2020KibanS,2020KibanSRUN01,20201125T0114-AKS-AkkeshiRinkai
2020KibanS,2020KibanSRUN01,20201125T0130-SZW-Takihama
2020KibanS,2020KibanSRUN01,20201125T0500-KRF-Kasuya
2020KibanS,2020KibanSRUN01,20201125T0500-SMB-SugashimaRinkai
2020KibanS,2020KibanSRUN01,20201125T0500-TES-Teshio
2020KibanS,2020KibanSRUN01,20201125T2345-TSD-Kamuriki
2020KibanS,2020KibanSRUN01,20201127T0100-UMI-UshimadoRinkai
2020KibanS,2020KibanSRUN01,20201129T0440-SMU-EtomoPort
2020KibanS,2020KibanSRUN01,20201129T0640-SMU-Mihonoseki
2020KibanS,2020KibanSRUN01,20201130T0030-HUA-Chitosegawa1
2020KibanS,2020KibanSRUN01,20201130T0155-HUA-Chitosegawa2
2020KibanS,2020KibanSRUN01,20201130T0250-HUA-Chitosegawa4
2020KibanS,2020KibanSRUN01,20201130T0355-HUA-Chitosegawa3
2020KibanS,2020KibanSRUN01,20201130T0415-HUA-Chitosegawa-NC
2020KibanS,2020KibanSRUN01,20201130T0430-HYM-Amanogawa
2020KibanS,2020KibanSRUN01,20201130T2343-FRA-SetonaikaiWest
2020KibanS,2020KibanSRUN01,20201201T0120-KUM-Nagahama
2020KibanS,2020KibanSRUN01,20201204T0400-ARF-Ashoro
2020KibanS,2020KibanSRUN01,20201205T0105-AKS-AkkeshiRinkai
2020KibanS,2020KibanSRUN01,20201206T0110-RUI-Iriomote
2020KibanS,2020KibanSRUN01,20201207T0150-SMD-Shikinejima
2020KibanS,2020KibanSRUN01,20201207T0240-SMD-Shikinejima
2020KibanS,2020KibanSRUN01,20201208T0110-KUM-Nagahama
2020KibanS,2020KibanSRUN01,20201208T0115-AKS-AkkeshiRinkai
2020KibanS,2020KibanSRUN01,20201209T0140-SZW-Takihama
2020KibanS,2020KibanSRUN01,20201214T0000-ASU-Ashiu
2020KibanS,2020KibanSRUN01,20201215T0120-KUM-Nagahama
2020KibanS,2020KibanSRUN01,20201222T0050-KUM-Otomi-Surface
2020KibanS,2020KibanSRUN01,20201222T0200-KUM-Otomi-Bottom
2020KibanS,2020KibanSRUN01,20201223T0140-SZW-Takihama
2020KibanS,2020KibanSRUN01,20201223T0140-SZW-Takihama-NC
2020KibanS,2020KibanSRUN01,20201225T0120-KUM-Nagahama
2020KibanS,2020KibanSRUN01,20201228T0110-KUM-Nagahama
2020KibanS,2020KibanSRUN01,20201228T0110-KUM-Nagahama-NC
2020KibanS,2020KibanSRUN01,20210105T0110-KUM-Nagahama
2020KibanS,2020KibanSRUN01,20210106T0130-SZW-Takihama
2020KibanS,2020KibanSRUN01,20210107T0745-RUI-Iriomote
2020KibanS,2020KibanSRUN01,20210112T0110-KUM-Nagahama
2020KibanS,2020KibanSRUN01,20210114T0215-ASU-Ashiu
2020KibanS,2020KibanSRUN01,20210119T0115-KUM-Nagahama
2020KibanS,2020KibanSRUN01,20210120T0135-SZW-Takihama
2020KibanS,2020KibanSRUN01,20210125T0050-KUM-Otomi-Surface
2020KibanS,2020KibanSRUN01,20210125T0130-KUM-Otomi-Bottom
2020KibanS,2020KibanSRUN01,20210127T0120-KUM-Nagahama
2020KibanS,2020KibanSRUN01,20210202T0110-KUM-Nagahama
2020KibanS,2020KibanSRUN01,20210203T0135-SZW-Takihama
2020KibanS,2020KibanSRUN01,20210204T0100-RUI-Iriomote
2020KibanS,2020KibanSRUN01,20210209T0110-KUM-Nagahama
2020KibanS,2020KibanSRUN01,20210212T0040-KUM-Otomi-Surface
2020KibanS,2020KibanSRUN01,20210212T0150-KUM-Otomi-Bottom
2020KibanS,2020KibanSRUN01,20210217T0140-SZW-Takihama
2020KibanS,2020KibanSRUN01,20210218T0110-KUM-Nagahama
2020KibanS,2020KibanSRUN01,20210224T0110-KUM-Nagahama
2020KibanS,2020KibanSRUN01,20210303T0120-KUM-Nagahama
2020KibanS,2020KibanSRUN01,20210304T0100-KUM-Otomi-Surface
2020KibanS,2020KibanSRUN01,20210304T0210-KUM-Otomi-Bottom
2020KibanS,2020KibanSRUN01,20210304T0400-RUI-Iriomote
2020KibanS,2020KibanSRUN01,20210309T0110-KUM-Nagahama
2020KibanS,2020KibanSRUN01,20210309T0110-KUM-Nagahama-NC
2020KibanS,2020KibanSRUN01,20210316T0110-KUM-Nagahama
2020KibanS,2020KibanSRUN01,20210323T0110-KUM-Nagahama
2020KibanS,2020KibanSRUN01,20210330T0120-KUM-Nagahama
2020KibanS,2020KibanSRUN02,20200304T0800-KUE-Shimotsushima1
2020KibanS,2020KibanSRUN02,20200309T0438-SAD-SadoRinkai
2020KibanS,2020KibanSRUN02,20200318T0420-HUF-MutsuSekine
2020KibanS,2020KibanSRUN02,20200324T0420-HUF-MutsuSekine
2020KibanS,2020KibanSRUN02,20200416T0135-WAK-Aridagawa
2020KibanS,2020KibanSRUN02,20200421T0200-HUF-MutsuSekine
2020KibanS,2020KibanSRUN02,20200421T2336-UTO-OtsuchiBay
2020KibanS,2020KibanSRUN02,20200422T0130-UMI-UshimadoRinkai
2020KibanS,2020KibanSRUN02,20200428T0045-NTK-Kotohiragawa
2020KibanS,2020KibanSRUN02,20200507T0020-AMS-Asamushi
2020KibanS,2020KibanSRUN02,20200521T0100-UMI-UshimadoRinkai
2020KibanS,2020KibanSRUN02,20200525T0415-UTO-OtsuchiBay
2020KibanS,2020KibanSRUN02,20200526T0603-HYM-Amanogawa
2020KibanS,2020KibanSRUN02,20200527T0500-KRF-Kasuya
2020KibanS,2020KibanSRUN02,20200616T2350-NTK-Kotohiragawa
2020KibanS,2020KibanSRUN02,20200622T0100-UMI-UshimadoRinkai
2020KibanS,2020KibanSRUN02,20200623T0530-TMK-Horonaigawa
2020KibanS,2020KibanSRUN02,20200630T0200-KRF-Kasuya
2020KibanS,2020KibanSRUN02,20200709T2344-FRA-SetonaikaiWest
2020KibanS,2020KibanSRUN02,20200714T2357-FRA-SetonaikaiWest
2020KibanS,2020KibanSRUN02,20200720T0215-TMK-Horonaigawa
2020KibanS,2020KibanSRUN02,20200729T0120-HUA-Chitosegawa1
2020KibanS,2020KibanSRUN02,20200729T0445-WAK-Aridagawa
2020KibanS,2020KibanSRUN02,20200730T0430-KRF-Kasuya
2020KibanS,2020KibanSRUN02,20200810T0500-AKS-AkkeshiRinkai
2020KibanS,2020KibanSRUN02,20200817T2340-NTK-Kotohiragawa
2020KibanS,2020KibanSRUN02,20200818T0000-TMK-Horonaigawa
2020KibanS,2020KibanSRUN02,20200820T0430-HYM-Amanogawa
2020KibanS,2020KibanSRUN02,20200824T0510-HUA-Chitosegawa3
2020KibanS,2020KibanSRUN02,20200831T2349-FRA-SetonaikaiWest
2020KibanS,2020KibanSRUN02,20200903T0030-NML-NotoRinkai
2020KibanS,2020KibanSRUN02,20200914T0130-NML-NotoRinkai
2020KibanS,2020KibanSRUN02,20200929T0345-HUA-Chitosegawa4
2020KibanS,2020KibanSRUN02,20201019T0430-HUF-MutsuSekine
2020KibanS,2020KibanSRUN02,20201028T0030-HUA-Chitosegawa1
2020KibanS,2020KibanSRUN02,20201030T0150-WAK-Aridagawa
2020KibanS,2020KibanSRUN02,20201116T0045-NML-NotoRinkai
2020KibanS,2020KibanSRUN02,20201117T0225-OKI-OkiRinkai
2020KibanS,2020KibanSRUN02,20201117T0225-OKI-OkiRinkai-NC
2020KibanS,2020KibanSRUN02,20201117T0400-UTO-OtsuchiBay
2020KibanS,2020KibanSRUN02,20201127T0100-UMI-UshimadoRinkai-NC
2020KibanS,2020KibanSRUN02,20201202T0047-NML-NotoRinkai
2020KibanS,2020KibanSRUN02,20201210T0100-NML-NotoRinkai
2021EarthWatch,2021EarthWatchRUN01,20210721T0620-EWJ-2021-Takenocho
2021EarthWatch,2021EarthWatchRUN01,20210722T0800-HUF-Hidaka
2021EarthWatch,2021EarthWatchRUN01,20210722T0800-HUF-Hidaka-NC
2021EarthWatch,2021EarthWatchRUN01,20210723T0420-HUF-Erimomisaki
2021EarthWatch,2021EarthWatchRUN01,20210723T0600-HUF-Erimomisaki-Boat
2021EarthWatch,2021EarthWatchRUN01,20210726T0030-EWJ-2021-Hiraisokaigan
2021EarthWatch,2021EarthWatchRUN01,20210728T0710-EWJ-2021-Takamatsu
2021EarthWatch,2021EarthWatchRUN01,20210729T0230-KUM-Echizenmisaki
2021EarthWatch,2021EarthWatchRUN01,20210729T0830-EWJ-2021-MiikePort
2021EarthWatch,2021EarthWatchRUN01,20210730T0300-EWJ-2021-KotogawaEstuary
2021EarthWatch,2021EarthWatchRUN01,20210731T0000-EWJ-2021-Naoetsu
2021EarthWatch,2021EarthWatchRUN01,20210731T0150-EWJ-2021-Oshindenkaigan
2021EarthWatch,2021EarthWatchRUN01,20210731T0202-EWJ-2021-NakagusukuBay
2021EarthWatch,2021EarthWatchRUN01,20210731T0400-EWJ-2021-Oishimisaki
2021EarthWatch,2021EarthWatchRUN01,20210731T0410-EWJ-2021-Wakaejima1
2021EarthWatch,2021EarthWatchRUN01,20210731T0510-EWJ-2021-Wakaejima2
2021EarthWatch,2021EarthWatchRUN01,20210731T0531-EWJ-2021-Katsurahama
2021EarthWatch,2021EarthWatchRUN01,20210731T2323-EWJ-2021-MiharagawaEstuary
2021EarthWatch,2021EarthWatchRUN01,20210802T0100-KUM-Kanmurijima-Ohguri
2021EarthWatch,2021EarthWatchRUN01,20210802T0210-KUM-Kanmurijima-Miyamae
2021EarthWatch,2021EarthWatchRUN01,20210803T0040-EWJ-2021-Sodegaura
2021EarthWatch,2021EarthWatchRUN01,20210803T0110-KUM-Nagahama-Surface
2021EarthWatch,2021EarthWatchRUN01,20210803T0550-EWJ-2021-UbaraRisokyo
2021EarthWatch,2021EarthWatchRUN01,20210804T0400-EWJ-2021-Mihonomatsubara
2021EarthWatch,2021EarthWatchRUN01,20210805T2315-EWJ-2021-GamagoriTakeshima
2021EarthWatch,2021EarthWatchRUN01,20210807T0900-EWJ-2021-IrakoPort
2021EarthWatch,2021EarthWatchRUN01,20210811T0300-EWJ-2021-KataseEnoshima
2021EarthWatch,2021EarthWatchRUN01,20210812T0100-KUM-Otomi-Surface
2021EarthWatch,2021EarthWatchRUN01,20210812T0200-KUM-Otomi-Bottom
2021EarthWatch,2021EarthWatchRUN01,20210813T0600-EWJ-2021-Honioikaigan
2021EarthWatch,2021EarthWatchRUN01,20210813T2345-EWJ-2021-Detohama
2021EarthWatch,2021EarthWatchRUN01,20210814T0110-EWJ-2021-RokkoIsland
2021EarthWatch,2021EarthWatchRUN01,20210815T0009-EWJ-2021-Sasagawanagare
2021EarthWatch,2021EarthWatchRUN01,20210818T0025-MNC-Hadenya
2021EarthWatch,2021EarthWatchRUN01,20210818T0104-MNC-Kamiwarizaki
2021EarthWatch,2021EarthWatchRUN01,20210818T0224-MNC-Sodehama
2021EarthWatch,2021EarthWatchRUN01,20210818T0308-MNC-Niranohama
2021EarthWatch,2021EarthWatchRUN01,20210818T0408-MNC-Tomarihama
2021EarthWatch,2021EarthWatchRUN01,20210818T0408-MNC-Tomarihama-NC
2021EarthWatch,2021EarthWatchRUN01,20210819T0648-EWJ-2021-SakaigawaEstuary
2021EarthWatch,2021EarthWatchRUN01,20210819T0740-MNC-MiyakoTakonohama
2021EarthWatch,2021EarthWatchRUN01,20210819T0820-EWJ-2021-ShikinejimaPort
2021EarthWatch,2021EarthWatchRUN01,20210820T0134-EWJ-2021-KamogawaEstuary
2021EarthWatch,2021EarthWatchRUN01,20210821T0120-EWJ-2021-WakasuPark
2021EarthWatch,2021EarthWatchRUN01,20210822T0205-EWJ-2021-Omotehama
2021EarthWatch,2021EarthWatchRUN01,20210822T0800-EWJ-2021-Ichinomiyakaigan
2021EarthWatch,2021EarthWatchRUN01,20210823T0130-KUM-MarineHighSchool
2021EarthWatch,2021EarthWatchRUN01,20210824T0510-EWJ-2021-SaiVillage
2021EarthWatch,2021EarthWatchRUN01,20210826T0030-EWJ-2021-Kannonzaki
2021EarthWatch,2021EarthWatchRUN01,20210826T0100-EWJ-2021-SuzukagawaEstuary
2021EarthWatch,2021EarthWatchRUN01,20210827T0300-EWJ-2021-Zushikaigan
2021EarthWatch,2021EarthWatchRUN01,20210828T0410-EWJ-2021-YamashitaPark
2021EarthWatch,2021EarthWatchRUN01,20210828T2226-EWJ-2021-Katakai
2021EarthWatch,2021EarthWatchRUN01,20210831T0110-KUM-Nagahama-Surface
2021EarthWatch,2021EarthWatchRUN01,20210831T0400-EWJ-2021-Takegashima
2021EarthWatch,2021EarthWatchRUN01,20210901T0105-EWJ-2021-Mitsuishikaigan
2021EarthWatch,2021EarthWatchRUN01,20210904T2230-EWJ-2021-Sumakaigan
2021EarthWatch,2021EarthWatchRUN01,20210905T0010-EWJ-2021-OuraBay
2021EarthWatch,2021EarthWatchRUN01,20210905T0230-EWJ-2021-AjiroOnsenBeach
2021EarthWatch,2021EarthWatchRUN01,20210905T0240-EWJ-2021-SakoshiBay
2021EarthWatch,2021EarthWatchRUN01,20210905T0413-EWJ-2021-UminoKoen
2021EarthWatch,2021EarthWatchRUN01,20210905T0705-MNC-IshinomakiKotakehama
2021NipponYusen,2021NipponYusenRUN01,20210626T0700-NPY-2021-PirikaMosiriMaru-St1
2021NipponYusen,2021NipponYusenRUN01,20210626T0700-NPY-2021-PirikaMosiriMaru-St1-NC
2021NipponYusen,2021NipponYusenRUN01,20210803T0430-NPY-2021-PirikaMosiriMaru-St4
2021NipponYusen,2021NipponYusenRUN01,20210922T0300-NPY-2021-PirikaMosiriMaru-St7
2021NipponYusen,2021NipponYusenRUN01,20210922T0300-NPY-2021-PirikaMosiriMaru-St7-NC
2021NipponYusen,2021NipponYusenRUN01,20210925T0300-NPY-2021-PirikaMosiriMaru-St8
2021NipponYusen,2021NipponYusenRUN01,20210925T0300-NPY-2021-PirikaMosiriMaru-St8-NC
